-- phpMyAdmin SQL Dump
-- version 4.2.11
-- http://www.phpmyadmin.net
--
-- Host: 127.0.0.1
-- Generation Time: Feb 20, 2017 at 04:28 AM
-- Server version: 5.6.21
-- PHP Version: 5.6.3

SET SQL_MODE = "NO_AUTO_VALUE_ON_ZERO";
SET time_zone = "+00:00";


/*!40101 SET @OLD_CHARACTER_SET_CLIENT=@@CHARACTER_SET_CLIENT */;
/*!40101 SET @OLD_CHARACTER_SET_RESULTS=@@CHARACTER_SET_RESULTS */;
/*!40101 SET @OLD_COLLATION_CONNECTION=@@COLLATION_CONNECTION */;
/*!40101 SET NAMES utf8 */;

--
-- Database: `db_sistemrekomendasi`
--

-- --------------------------------------------------------

--
-- Table structure for table `r_matpel_tingkat_kelas`
--

CREATE TABLE IF NOT EXISTS `r_matpel_tingkat_kelas` (
`id_matpel_tingkat_kelas` int(11) NOT NULL,
  `id_mata_pelajaran` mediumint(9) NOT NULL,
  `id_tk_jurusan` int(11) NOT NULL
) ENGINE=InnoDB AUTO_INCREMENT=2 DEFAULT CHARSET=latin1;

--
-- Dumping data for table `r_matpel_tingkat_kelas`
--

INSERT INTO `r_matpel_tingkat_kelas` (`id_matpel_tingkat_kelas`, `id_mata_pelajaran`, `id_tk_jurusan`) VALUES
(1, 1, 2);

-- --------------------------------------------------------

--
-- Table structure for table `r_pb_indikator`
--

CREATE TABLE IF NOT EXISTS `r_pb_indikator` (
`id_pb_indikator` int(11) NOT NULL,
  `id_pokok_bahasan` int(11) NOT NULL,
  `id_indikator` int(11) NOT NULL
) ENGINE=InnoDB AUTO_INCREMENT=17 DEFAULT CHARSET=latin1;

--
-- Dumping data for table `r_pb_indikator`
--

INSERT INTO `r_pb_indikator` (`id_pb_indikator`, `id_pokok_bahasan`, `id_indikator`) VALUES
(1, 1, 1),
(2, 1, 2),
(3, 2, 1),
(4, 2, 2),
(5, 2, 3),
(6, 2, 4),
(7, 2, 5),
(8, 2, 6),
(9, 3, 1),
(10, 3, 2),
(11, 3, 7),
(12, 3, 8),
(13, 3, 9),
(14, 3, 10),
(15, 4, 13),
(16, 4, 14);

-- --------------------------------------------------------

--
-- Table structure for table `r_rule_aktif`
--

CREATE TABLE IF NOT EXISTS `r_rule_aktif` (
`id_rule_aktif` int(11) NOT NULL,
  `id_tk_jurusan` int(11) NOT NULL,
  `id_rules` int(11) NOT NULL
) ENGINE=InnoDB DEFAULT CHARSET=latin1;

-- --------------------------------------------------------

--
-- Table structure for table `r_siswa_matpel`
--

CREATE TABLE IF NOT EXISTS `r_siswa_matpel` (
`id_siswa_matpel` int(11) NOT NULL,
  `id_siswa` int(11) NOT NULL,
  `id_matpel_tingkat_kelas` int(11) NOT NULL
) ENGINE=InnoDB AUTO_INCREMENT=38 DEFAULT CHARSET=latin1;

--
-- Dumping data for table `r_siswa_matpel`
--

INSERT INTO `r_siswa_matpel` (`id_siswa_matpel`, `id_siswa`, `id_matpel_tingkat_kelas`) VALUES
(1, 1, 1),
(2, 2, 1),
(3, 3, 1),
(4, 4, 1),
(5, 5, 1),
(6, 6, 1),
(7, 7, 1),
(8, 8, 1),
(9, 9, 1),
(10, 10, 1),
(11, 11, 1),
(12, 12, 1),
(13, 13, 1),
(14, 14, 1),
(15, 15, 1),
(16, 16, 1),
(17, 17, 1),
(18, 18, 1),
(19, 19, 1),
(20, 20, 1),
(21, 21, 1),
(22, 22, 1),
(23, 23, 1),
(24, 24, 1),
(25, 25, 1),
(26, 26, 1),
(27, 27, 1),
(28, 28, 1),
(29, 29, 1),
(30, 30, 1),
(31, 31, 1),
(32, 32, 1),
(33, 33, 1),
(34, 38, 11),
(35, 40, 11),
(36, 41, 19),
(37, 42, 1);

-- --------------------------------------------------------

--
-- Table structure for table `r_soal_indikator`
--

CREATE TABLE IF NOT EXISTS `r_soal_indikator` (
`id_soal_indikator` int(11) NOT NULL,
  `id_soal` int(11) NOT NULL,
  `id_indikator` int(11) NOT NULL
) ENGINE=InnoDB AUTO_INCREMENT=324 DEFAULT CHARSET=latin1;

--
-- Dumping data for table `r_soal_indikator`
--

INSERT INTO `r_soal_indikator` (`id_soal_indikator`, `id_soal`, `id_indikator`) VALUES
(7, 2, 1),
(8, 2, 2),
(9, 3, 1),
(10, 3, 2),
(11, 4, 1),
(12, 4, 2),
(13, 5, 1),
(14, 5, 2),
(15, 6, 1),
(16, 6, 2),
(17, 6, 3),
(18, 6, 4),
(19, 6, 5),
(20, 6, 6),
(21, 7, 1),
(22, 7, 2),
(23, 8, 1),
(24, 8, 2),
(25, 9, 1),
(26, 9, 2),
(27, 10, 1),
(28, 10, 2),
(29, 11, 1),
(30, 11, 2),
(31, 11, 3),
(32, 11, 4),
(33, 11, 5),
(34, 11, 6),
(35, 12, 1),
(36, 12, 2),
(37, 12, 3),
(38, 12, 4),
(39, 12, 5),
(40, 12, 6),
(41, 13, 1),
(42, 13, 2),
(43, 13, 3),
(44, 13, 4),
(45, 13, 5),
(46, 13, 6),
(47, 14, 1),
(48, 14, 2),
(49, 14, 3),
(50, 14, 4),
(51, 14, 5),
(52, 14, 6),
(53, 15, 1),
(54, 15, 2),
(55, 15, 3),
(56, 15, 4),
(57, 15, 5),
(58, 15, 6),
(59, 16, 1),
(60, 16, 2),
(61, 16, 3),
(62, 16, 4),
(63, 16, 5),
(64, 16, 6),
(65, 17, 1),
(66, 17, 2),
(67, 17, 3),
(68, 17, 4),
(69, 17, 5),
(70, 17, 6),
(71, 18, 1),
(72, 18, 2),
(73, 18, 3),
(74, 18, 4),
(75, 18, 5),
(76, 18, 6),
(77, 19, 1),
(78, 19, 2),
(79, 19, 7),
(80, 19, 8),
(81, 19, 9),
(82, 19, 10),
(83, 20, 7),
(84, 20, 8),
(85, 20, 9),
(86, 20, 10),
(87, 21, 7),
(88, 21, 8),
(89, 21, 9),
(90, 21, 10),
(91, 22, 1),
(92, 22, 2),
(93, 22, 7),
(94, 22, 8),
(95, 22, 9),
(96, 22, 10),
(97, 23, 7),
(98, 23, 8),
(99, 23, 9),
(100, 23, 10),
(101, 24, 2),
(102, 24, 3),
(103, 24, 4),
(104, 24, 5),
(105, 24, 6),
(106, 24, 7),
(107, 24, 8),
(108, 24, 9),
(109, 24, 10),
(110, 25, 2),
(111, 25, 3),
(112, 25, 4),
(113, 25, 5),
(114, 25, 6),
(115, 25, 7),
(116, 25, 8),
(117, 25, 9),
(118, 25, 10),
(119, 26, 2),
(120, 26, 3),
(121, 26, 4),
(122, 26, 5),
(123, 26, 6),
(124, 26, 7),
(125, 26, 8),
(126, 26, 9),
(127, 26, 10),
(128, 27, 1),
(129, 27, 2),
(130, 27, 3),
(131, 27, 4),
(132, 27, 5),
(133, 27, 6),
(134, 27, 7),
(135, 27, 8),
(136, 27, 9),
(137, 27, 10),
(138, 28, 1),
(139, 28, 2),
(140, 28, 3),
(141, 28, 4),
(142, 28, 5),
(143, 28, 6),
(144, 28, 7),
(145, 28, 8),
(146, 28, 9),
(147, 28, 10),
(148, 29, 1),
(149, 29, 2),
(150, 29, 3),
(151, 29, 4),
(152, 29, 5),
(153, 29, 6),
(154, 29, 7),
(155, 29, 8),
(156, 29, 9),
(157, 29, 10),
(158, 30, 1),
(159, 30, 2),
(160, 30, 3),
(161, 30, 4),
(162, 30, 5),
(163, 30, 6),
(164, 30, 7),
(165, 30, 8),
(166, 30, 9),
(167, 30, 10),
(317, 1, 1),
(318, 1, 2),
(319, 1, 3),
(320, 1, 4),
(321, 1, 5),
(322, 1, 6),
(323, 31, 11);

-- --------------------------------------------------------

--
-- Table structure for table `r_tk_jurusan`
--

CREATE TABLE IF NOT EXISTS `r_tk_jurusan` (
`id_tk_jurusan` int(11) NOT NULL,
  `id_tingkat_kelas` int(11) NOT NULL,
  `id_jurusan` int(11) NOT NULL
) ENGINE=InnoDB AUTO_INCREMENT=10 DEFAULT CHARSET=latin1;

--
-- Dumping data for table `r_tk_jurusan`
--

INSERT INTO `r_tk_jurusan` (`id_tk_jurusan`, `id_tingkat_kelas`, `id_jurusan`) VALUES
(1, 1, 1),
(2, 1, 2),
(3, 1, 3),
(4, 2, 1),
(5, 2, 2),
(6, 2, 3),
(7, 3, 1),
(8, 3, 2),
(9, 3, 3);

-- --------------------------------------------------------

--
-- Table structure for table `t_detail_rules`
--

CREATE TABLE IF NOT EXISTS `t_detail_rules` (
`id_detail_rules` int(11) NOT NULL,
  `a` varchar(10) NOT NULL,
  `b` varchar(10) NOT NULL,
  `sup_a` int(11) NOT NULL,
  `sup_ab` int(11) NOT NULL,
  `conf` int(11) NOT NULL,
  `id_rules` int(11) NOT NULL
) ENGINE=InnoDB DEFAULT CHARSET=latin1;

-- --------------------------------------------------------

--
-- Table structure for table `t_indikator`
--

CREATE TABLE IF NOT EXISTS `t_indikator` (
`id_indikator` int(11) NOT NULL,
  `indikator` text NOT NULL,
  `id_matpel_tingkat_kelas` int(11) NOT NULL
) ENGINE=InnoDB AUTO_INCREMENT=11 DEFAULT CHARSET=latin1;

--
-- Dumping data for table `t_indikator`
--

INSERT INTO `t_indikator` (`id_indikator`, `indikator`, `id_matpel_tingkat_kelas`) VALUES
(1, 'Mengimplementasikan variabel, tipe data, dan operator  pseudocode dan bahasa pemrograman', 1),
(2, 'Menganalisis kesalahan dalam pendeklarasian variabel, tipe data, dan operator', 1),
(3, 'Menganalisis proses algoritma percabangan', 1),
(4, 'Menggunakan algoritma percabangan untuk memperoleh keluaran', 1),
(5, 'Menemukan solusi untuk contoh kasus percabangan', 1),
(6, 'Menerapkan logika kedalam algoritma percabangan', 1),
(7, 'Menganalisis keluaran  suatu pseudocode maupun program algoritma perulangan', 1),
(8, 'Menerapkan algoritma perulangan dalam  bentuk pseudocode maupun bahasa pemrograman untuk menyelesaikan masalah', 1),
(9, 'Menganalisis kesalahan pada pseudocode maupun program algoritma perulangan', 1),
(10, 'Memecahkan sebuah permasalahan dengan algoritma perulangan', 1);

-- --------------------------------------------------------

--
-- Table structure for table `t_jawaban`
--

CREATE TABLE IF NOT EXISTS `t_jawaban` (
`id_jawaban` int(11) NOT NULL,
  `id_siswa` int(11) NOT NULL,
  `id_soal` int(11) NOT NULL,
  `jawaban` varchar(10) NOT NULL,
  `skor` int(11) NOT NULL
) ENGINE=InnoDB AUTO_INCREMENT=1051 DEFAULT CHARSET=latin1;

--
-- Dumping data for table `t_jawaban`
--

INSERT INTO `t_jawaban` (`id_jawaban`, `id_siswa`, `id_soal`, `jawaban`, `skor`) VALUES
(1, 1, 1, 'B', 0),
(2, 1, 2, 'C', 0),
(3, 1, 3, 'E', 1),
(4, 1, 4, 'C', 1),
(5, 1, 5, 'B', 1),
(6, 1, 6, 'A', 0),
(7, 1, 7, 'D', 1),
(8, 1, 8, 'C', 1),
(9, 1, 9, 'E', 0),
(10, 1, 10, 'E', 1),
(11, 1, 11, 'C', 1),
(12, 1, 12, 'A', 0),
(13, 1, 13, 'B', 0),
(14, 1, 14, 'D', 0),
(15, 1, 15, 'B', 0),
(16, 1, 16, 'D', 1),
(17, 1, 17, 'B', 1),
(18, 1, 18, 'B', 1),
(19, 1, 19, 'A', 1),
(20, 1, 20, 'B', 0),
(21, 1, 21, 'A', 1),
(22, 1, 22, 'B', 0),
(23, 1, 23, 'D', 1),
(24, 1, 24, 'D', 1),
(25, 1, 25, 'B', 0),
(26, 1, 26, 'A', 1),
(27, 1, 27, 'C', 1),
(28, 1, 28, 'B', 0),
(29, 1, 29, 'E', 0),
(30, 1, 30, 'D', 1),
(31, 2, 1, 'B', 0),
(32, 2, 2, 'A', 1),
(33, 2, 3, 'E', 1),
(34, 2, 4, 'C', 1),
(35, 2, 5, 'B', 1),
(36, 2, 6, 'C', 1),
(37, 2, 7, 'D', 1),
(38, 2, 8, 'E', 0),
(39, 2, 9, 'D', 0),
(40, 2, 10, 'E', 1),
(41, 2, 11, 'B', 0),
(42, 2, 12, 'E', 0),
(43, 2, 13, 'D', 1),
(44, 2, 14, 'C', 1),
(45, 2, 15, 'B', 0),
(46, 2, 16, 'E', 0),
(47, 2, 17, 'B', 1),
(48, 2, 18, 'B', 1),
(49, 2, 19, 'A', 1),
(50, 2, 20, 'B', 0),
(51, 2, 21, 'A', 1),
(52, 2, 22, 'A', 0),
(53, 2, 23, 'D', 1),
(54, 2, 24, 'D', 1),
(55, 2, 25, 'B', 0),
(56, 2, 26, 'E', 0),
(57, 2, 27, 'A', 0),
(58, 2, 28, 'A', 1),
(59, 2, 29, 'A', 0),
(60, 2, 30, 'C', 0),
(61, 3, 1, 'B', 0),
(62, 3, 2, 'C', 0),
(63, 3, 3, 'E', 1),
(64, 3, 4, 'C', 1),
(65, 3, 5, 'B', 1),
(66, 3, 6, 'A', 0),
(67, 3, 7, 'D', 1),
(68, 3, 8, 'C', 1),
(69, 3, 9, 'E', 0),
(70, 3, 10, 'E', 1),
(71, 3, 11, 'C', 1),
(72, 3, 12, 'A', 0),
(73, 3, 13, 'B', 0),
(74, 3, 14, 'D', 0),
(75, 3, 15, 'B', 0),
(76, 3, 16, 'D', 1),
(77, 3, 17, 'B', 1),
(78, 3, 18, 'B', 1),
(79, 3, 19, 'A', 1),
(80, 3, 20, 'B', 0),
(81, 3, 21, 'A', 1),
(82, 3, 22, 'B', 0),
(83, 3, 23, 'D', 1),
(84, 3, 24, 'D', 1),
(85, 3, 25, 'B', 0),
(86, 3, 26, 'A', 1),
(87, 3, 27, 'C', 1),
(88, 3, 28, 'B', 0),
(89, 3, 29, 'E', 0),
(90, 3, 30, 'D', 1),
(91, 4, 1, 'B', 0),
(92, 4, 2, 'A', 1),
(93, 4, 3, 'E', 1),
(94, 4, 4, 'D', 0),
(95, 4, 5, 'B', 1),
(96, 4, 6, 'A', 0),
(97, 4, 7, 'D', 1),
(98, 4, 8, 'C', 1),
(99, 4, 9, 'A', 1),
(100, 4, 10, 'E', 1),
(101, 4, 11, 'E', 0),
(102, 4, 12, 'E', 0),
(103, 4, 13, 'A', 0),
(104, 4, 14, 'E', 0),
(105, 4, 15, 'E', 0),
(106, 4, 16, 'D', 1),
(107, 4, 17, 'B', 1),
(108, 4, 18, 'B', 1),
(109, 4, 19, 'A', 1),
(110, 4, 20, 'C', 1),
(111, 4, 21, 'A', 1),
(112, 4, 22, 'A', 0),
(113, 4, 23, 'D', 1),
(114, 4, 24, 'D', 1),
(115, 4, 25, 'A', 1),
(116, 4, 26, 'C', 0),
(117, 4, 27, 'C', 1),
(118, 4, 28, 'B', 0),
(119, 4, 29, 'C', 1),
(120, 4, 30, 'D', 1),
(121, 5, 1, 'B', 0),
(122, 5, 2, 'D', 0),
(123, 5, 3, 'E', 1),
(124, 5, 4, 'C', 1),
(125, 5, 5, 'B', 1),
(126, 5, 6, 'A', 0),
(127, 5, 7, 'D', 1),
(128, 5, 8, 'C', 1),
(129, 5, 9, 'E', 0),
(130, 5, 10, 'E', 1),
(131, 5, 11, 'C', 1),
(132, 5, 12, 'A', 0),
(133, 5, 13, 'B', 0),
(134, 5, 14, 'D', 0),
(135, 5, 15, 'B', 0),
(136, 5, 16, 'D', 1),
(137, 5, 17, 'B', 1),
(138, 5, 18, 'B', 1),
(139, 5, 19, 'A', 1),
(140, 5, 20, 'B', 0),
(141, 5, 21, 'A', 1),
(142, 5, 22, 'B', 0),
(143, 5, 23, 'D', 1),
(144, 5, 24, 'D', 1),
(145, 5, 25, 'B', 0),
(146, 5, 26, 'A', 1),
(147, 5, 27, 'C', 1),
(148, 5, 28, 'B', 0),
(149, 5, 29, 'E', 0),
(150, 5, 30, 'D', 1),
(151, 6, 1, 'B', 0),
(152, 6, 2, 'C', 0),
(153, 6, 3, 'E', 1),
(154, 6, 4, 'C', 1),
(155, 6, 5, 'B', 1),
(156, 6, 6, 'A', 0),
(157, 6, 7, 'D', 1),
(158, 6, 8, 'C', 1),
(159, 6, 9, 'E', 0),
(160, 6, 10, 'E', 1),
(161, 6, 11, 'C', 1),
(162, 6, 12, 'A', 0),
(163, 6, 13, 'B', 0),
(164, 6, 14, 'D', 0),
(165, 6, 15, 'B', 0),
(166, 6, 16, 'C', 0),
(167, 6, 17, 'B', 1),
(168, 6, 18, 'B', 1),
(169, 6, 19, 'A', 1),
(170, 6, 20, 'B', 0),
(171, 6, 21, 'A', 1),
(172, 6, 22, 'B', 0),
(173, 6, 23, 'D', 1),
(174, 6, 24, 'D', 1),
(175, 6, 25, 'B', 0),
(176, 6, 26, 'A', 1),
(177, 6, 27, 'C', 1),
(178, 6, 28, 'B', 0),
(179, 6, 29, 'E', 0),
(180, 6, 30, 'D', 1),
(181, 7, 1, 'B', 0),
(182, 7, 2, 'C', 0),
(183, 7, 3, 'E', 1),
(184, 7, 4, 'C', 1),
(185, 7, 5, 'B', 1),
(186, 7, 6, 'A', 0),
(187, 7, 7, 'D', 1),
(188, 7, 8, 'C', 1),
(189, 7, 9, 'E', 0),
(190, 7, 10, 'E', 1),
(191, 7, 11, 'C', 1),
(192, 7, 12, 'A', 0),
(193, 7, 13, 'B', 0),
(194, 7, 14, 'D', 0),
(195, 7, 15, 'B', 0),
(196, 7, 16, 'D', 1),
(197, 7, 17, 'B', 1),
(198, 7, 18, 'B', 1),
(199, 7, 19, 'A', 1),
(200, 7, 20, 'B', 0),
(201, 7, 21, 'A', 1),
(202, 7, 22, 'B', 0),
(203, 7, 23, 'D', 1),
(204, 7, 24, 'D', 1),
(205, 7, 25, 'B', 0),
(206, 7, 26, 'C', 0),
(207, 7, 27, 'B', 0),
(208, 7, 28, 'B', 0),
(209, 7, 29, 'E', 0),
(210, 7, 30, 'D', 1),
(211, 8, 1, 'B', 0),
(212, 8, 2, 'A', 1),
(213, 8, 3, 'E', 1),
(214, 8, 4, 'C', 1),
(215, 8, 5, 'C', 0),
(216, 8, 6, 'C', 1),
(217, 8, 7, 'D', 1),
(218, 8, 8, 'C', 1),
(219, 8, 9, 'A', 1),
(220, 8, 10, 'E', 1),
(221, 8, 11, 'C', 1),
(222, 8, 12, 'E', 0),
(223, 8, 13, 'D', 1),
(224, 8, 14, 'C', 1),
(225, 8, 15, 'B', 0),
(226, 8, 16, 'D', 1),
(227, 8, 17, 'B', 1),
(228, 8, 18, 'B', 1),
(229, 8, 19, 'A', 1),
(230, 8, 20, 'C', 1),
(231, 8, 21, 'A', 1),
(232, 8, 22, 'A', 0),
(233, 8, 23, 'D', 1),
(234, 8, 24, 'D', 1),
(235, 8, 25, 'B', 0),
(236, 8, 26, 'A', 1),
(237, 8, 27, 'C', 1),
(238, 8, 28, 'A', 1),
(239, 8, 29, 'A', 0),
(240, 8, 30, 'C', 0),
(241, 9, 1, 'B', 0),
(242, 9, 2, 'C', 0),
(243, 9, 3, 'E', 1),
(244, 9, 4, 'C', 1),
(245, 9, 5, 'B', 1),
(246, 9, 6, 'A', 0),
(247, 9, 7, 'D', 1),
(248, 9, 8, 'C', 1),
(249, 9, 9, 'E', 0),
(250, 9, 10, 'E', 1),
(251, 9, 11, 'C', 1),
(252, 9, 12, 'A', 0),
(253, 9, 13, 'B', 0),
(254, 9, 14, 'D', 0),
(255, 9, 15, 'B', 0),
(256, 9, 16, 'D', 1),
(257, 9, 17, 'B', 1),
(258, 9, 18, 'B', 1),
(259, 9, 19, 'A', 1),
(260, 9, 20, 'A', 0),
(261, 9, 21, 'A', 1),
(262, 9, 22, 'B', 0),
(263, 9, 23, 'D', 1),
(264, 9, 24, 'D', 1),
(265, 9, 25, 'B', 0),
(266, 9, 26, 'A', 1),
(267, 9, 27, 'C', 1),
(268, 9, 28, 'E', 0),
(269, 9, 29, 'D', 0),
(270, 9, 30, 'A', 0),
(271, 10, 1, 'B', 0),
(272, 10, 2, 'A', 1),
(273, 10, 3, 'E', 1),
(274, 10, 4, 'C', 1),
(275, 10, 5, 'C', 0),
(276, 10, 6, 'C', 1),
(277, 10, 7, 'D', 1),
(278, 10, 8, 'C', 1),
(279, 10, 9, 'A', 1),
(280, 10, 10, 'E', 1),
(281, 10, 11, 'C', 1),
(282, 10, 12, 'E', 0),
(283, 10, 13, 'D', 1),
(284, 10, 14, 'B', 0),
(285, 10, 15, 'B', 0),
(286, 10, 16, 'A', 0),
(287, 10, 17, 'A', 0),
(288, 10, 18, 'B', 1),
(289, 10, 19, 'A', 1),
(290, 10, 20, 'C', 1),
(291, 10, 21, 'A', 1),
(292, 10, 22, 'A', 0),
(293, 10, 23, 'D', 1),
(294, 10, 24, 'D', 1),
(295, 10, 25, 'A', 1),
(296, 10, 26, 'A', 1),
(297, 10, 27, 'C', 1),
(298, 10, 28, 'D', 0),
(299, 10, 29, 'D', 0),
(300, 10, 30, 'C', 0),
(301, 11, 1, 'B', 0),
(302, 11, 2, 'A', 1),
(303, 11, 3, 'E', 1),
(304, 11, 4, 'C', 1),
(305, 11, 5, 'B', 1),
(306, 11, 6, 'A', 0),
(307, 11, 7, 'D', 1),
(308, 11, 8, 'C', 1),
(309, 11, 9, 'E', 0),
(310, 11, 10, 'E', 1),
(311, 11, 11, 'C', 1),
(312, 11, 12, 'A', 0),
(313, 11, 13, 'B', 0),
(314, 11, 14, 'D', 0),
(315, 11, 15, 'B', 0),
(316, 11, 16, 'D', 1),
(317, 11, 17, 'B', 1),
(318, 11, 18, 'B', 1),
(319, 11, 19, 'A', 1),
(320, 11, 20, 'B', 0),
(321, 11, 21, 'A', 1),
(322, 11, 22, 'B', 0),
(323, 11, 23, 'D', 1),
(324, 11, 24, 'D', 1),
(325, 11, 25, 'B', 0),
(326, 11, 26, 'C', 0),
(327, 11, 27, 'B', 0),
(328, 11, 28, 'B', 0),
(329, 11, 29, 'E', 0),
(330, 11, 30, 'D', 1),
(331, 12, 1, 'B', 0),
(332, 12, 2, 'B', 0),
(333, 12, 3, 'E', 1),
(334, 12, 4, 'B', 0),
(335, 12, 5, 'C', 0),
(336, 12, 6, 'A', 0),
(337, 12, 7, 'D', 1),
(338, 12, 8, 'C', 1),
(339, 12, 9, 'A', 1),
(340, 12, 10, 'E', 1),
(341, 12, 11, 'C', 1),
(342, 12, 12, 'E', 0),
(343, 12, 13, 'A', 0),
(344, 12, 14, 'C', 1),
(345, 12, 15, 'E', 0),
(346, 12, 16, 'D', 1),
(347, 12, 17, 'C', 0),
(348, 12, 18, 'B', 1),
(349, 12, 19, 'A', 1),
(350, 12, 20, 'C', 1),
(351, 12, 21, 'A', 1),
(352, 12, 22, 'A', 0),
(353, 12, 23, 'D', 1),
(354, 12, 24, 'D', 1),
(355, 12, 25, 'B', 0),
(356, 12, 26, 'A', 1),
(357, 12, 27, 'C', 1),
(358, 12, 28, 'B', 0),
(359, 12, 29, 'D', 0),
(360, 12, 30, 'C', 0),
(361, 13, 1, 'B', 0),
(362, 13, 2, 'B', 0),
(363, 13, 3, 'E', 1),
(364, 13, 4, 'B', 0),
(365, 13, 5, 'C', 0),
(366, 13, 6, 'A', 0),
(367, 13, 7, 'D', 1),
(368, 13, 8, 'C', 1),
(369, 13, 9, 'A', 1),
(370, 13, 10, 'E', 1),
(371, 13, 11, 'C', 1),
(372, 13, 12, 'E', 0),
(373, 13, 13, 'A', 0),
(374, 13, 14, 'C', 1),
(375, 13, 15, 'E', 0),
(376, 13, 16, 'D', 1),
(377, 13, 17, 'C', 0),
(378, 13, 18, 'B', 1),
(379, 13, 19, 'A', 1),
(380, 13, 20, 'C', 1),
(381, 13, 21, 'A', 1),
(382, 13, 22, 'A', 0),
(383, 13, 23, 'D', 1),
(384, 13, 24, 'D', 1),
(385, 13, 25, 'B', 0),
(386, 13, 26, 'A', 1),
(387, 13, 27, 'C', 1),
(388, 13, 28, 'B', 0),
(389, 13, 29, 'D', 0),
(390, 13, 30, 'C', 0),
(391, 14, 1, 'B', 0),
(392, 14, 2, 'C', 0),
(393, 14, 3, 'E', 1),
(394, 14, 4, 'B', 0),
(395, 14, 5, 'C', 0),
(396, 14, 6, 'A', 0),
(397, 14, 7, 'D', 1),
(398, 14, 8, 'E', 0),
(399, 14, 9, '-', 0),
(400, 14, 10, '-', 0),
(401, 14, 11, 'E', 0),
(402, 14, 12, 'A', 0),
(403, 14, 13, 'E', 0),
(404, 14, 14, 'C', 1),
(405, 14, 15, 'E', 0),
(406, 14, 16, 'B', 0),
(407, 14, 17, 'B', 1),
(408, 14, 18, 'B', 1),
(409, 14, 19, 'A', 1),
(410, 14, 20, 'B', 0),
(411, 14, 21, 'C', 0),
(412, 14, 22, 'C', 1),
(413, 14, 23, 'D', 1),
(414, 14, 24, 'D', 1),
(415, 14, 25, 'B', 0),
(416, 14, 26, 'A', 1),
(417, 14, 27, 'C', 1),
(418, 14, 28, 'B', 0),
(419, 14, 29, 'D', 0),
(420, 14, 30, 'D', 1),
(421, 15, 1, 'B', 0),
(422, 15, 2, 'C', 0),
(423, 15, 3, 'E', 1),
(424, 15, 4, 'C', 1),
(425, 15, 5, 'B', 1),
(426, 15, 6, 'A', 0),
(427, 15, 7, 'D', 1),
(428, 15, 8, 'C', 1),
(429, 15, 9, 'E', 0),
(430, 15, 10, 'E', 1),
(431, 15, 11, 'C', 1),
(432, 15, 12, 'A', 0),
(433, 15, 13, 'B', 0),
(434, 15, 14, 'D', 0),
(435, 15, 15, 'B', 0),
(436, 15, 16, 'D', 1),
(437, 15, 17, 'B', 1),
(438, 15, 18, 'B', 1),
(439, 15, 19, 'A', 1),
(440, 15, 20, 'B', 0),
(441, 15, 21, 'A', 1),
(442, 15, 22, 'B', 0),
(443, 15, 23, 'D', 1),
(444, 15, 24, 'D', 1),
(445, 15, 25, 'B', 0),
(446, 15, 26, 'A', 1),
(447, 15, 27, 'C', 1),
(448, 15, 28, 'B', 0),
(449, 15, 29, 'E', 0),
(450, 15, 30, 'D', 1),
(451, 16, 1, 'B', 0),
(452, 16, 2, 'C', 0),
(453, 16, 3, 'E', 1),
(454, 16, 4, 'D', 0),
(455, 16, 5, 'D', 0),
(456, 16, 6, 'A', 0),
(457, 16, 7, 'B', 0),
(458, 16, 8, 'C', 1),
(459, 16, 9, 'E', 0),
(460, 16, 10, 'D', 0),
(461, 16, 11, 'C', 1),
(462, 16, 12, 'C', 1),
(463, 16, 13, 'E', 0),
(464, 16, 14, 'D', 0),
(465, 16, 15, 'B', 0),
(466, 16, 16, 'E', 0),
(467, 16, 17, 'B', 1),
(468, 16, 18, 'C', 0),
(469, 16, 19, 'A', 1),
(470, 16, 20, 'B', 0),
(471, 16, 21, 'D', 0),
(472, 16, 22, 'B', 0),
(473, 16, 23, 'C', 0),
(474, 16, 24, 'D', 1),
(475, 16, 25, 'E', 0),
(476, 16, 26, 'E', 0),
(477, 16, 27, 'A', 0),
(478, 16, 28, 'B', 0),
(479, 16, 29, 'B', 0),
(480, 16, 30, 'D', 1),
(481, 17, 1, 'B', 0),
(482, 17, 2, 'C', 0),
(483, 17, 3, 'E', 1),
(484, 17, 4, 'C', 1),
(485, 17, 5, 'C', 0),
(486, 17, 6, 'C', 1),
(487, 17, 7, 'D', 1),
(488, 17, 8, 'C', 1),
(489, 17, 9, 'B', 0),
(490, 17, 10, 'E', 1),
(491, 17, 11, 'C', 1),
(492, 17, 12, 'E', 0),
(493, 17, 13, 'D', 1),
(494, 17, 14, 'B', 0),
(495, 17, 15, 'C', 0),
(496, 17, 16, 'A', 0),
(497, 17, 17, 'A', 0),
(498, 17, 18, 'B', 1),
(499, 17, 19, 'A', 1),
(500, 17, 20, 'C', 1),
(501, 17, 21, 'A', 1),
(502, 17, 22, 'A', 0),
(503, 17, 23, 'D', 1),
(504, 17, 24, 'D', 1),
(505, 17, 25, 'A', 1),
(506, 17, 26, 'A', 1),
(507, 17, 27, 'D', 0),
(508, 17, 28, 'B', 0),
(509, 17, 29, 'E', 0),
(510, 17, 30, 'C', 0),
(511, 18, 1, 'B', 0),
(512, 18, 2, 'C', 0),
(513, 18, 3, 'E', 1),
(514, 18, 4, 'C', 1),
(515, 18, 5, 'B', 1),
(516, 18, 6, 'A', 0),
(517, 18, 7, 'D', 1),
(518, 18, 8, 'E', 0),
(519, 18, 9, 'E', 0),
(520, 18, 10, 'E', 1),
(521, 18, 11, 'C', 1),
(522, 18, 12, 'E', 0),
(523, 18, 13, 'E', 0),
(524, 18, 14, 'C', 1),
(525, 18, 15, 'E', 0),
(526, 18, 16, 'A', 0),
(527, 18, 17, 'B', 1),
(528, 18, 18, 'B', 1),
(529, 18, 19, 'A', 1),
(530, 18, 20, 'C', 1),
(531, 18, 21, 'D', 0),
(532, 18, 22, 'C', 1),
(533, 18, 23, 'D', 1),
(534, 18, 24, 'C', 0),
(535, 18, 25, 'B', 0),
(536, 18, 26, 'A', 1),
(537, 18, 27, 'C', 1),
(538, 18, 28, 'D', 0),
(539, 18, 29, 'C', 1),
(540, 18, 30, 'D', 1),
(541, 19, 1, 'B', 0),
(542, 19, 2, 'C', 0),
(543, 19, 3, 'E', 1),
(544, 19, 4, 'C', 1),
(545, 19, 5, 'B', 1),
(546, 19, 6, 'A', 0),
(547, 19, 7, 'D', 1),
(548, 19, 8, 'E', 0),
(549, 19, 9, 'D', 0),
(550, 19, 10, 'D', 0),
(551, 19, 11, 'C', 1),
(552, 19, 12, 'E', 0),
(553, 19, 13, 'E', 0),
(554, 19, 14, 'C', 1),
(555, 19, 15, 'E', 0),
(556, 19, 16, 'B', 0),
(557, 19, 17, 'B', 1),
(558, 19, 18, 'B', 1),
(559, 19, 19, 'A', 1),
(560, 19, 20, 'C', 1),
(561, 19, 21, 'D', 0),
(562, 19, 22, 'C', 1),
(563, 19, 23, 'D', 1),
(564, 19, 24, 'D', 1),
(565, 19, 25, 'B', 0),
(566, 19, 26, 'A', 1),
(567, 19, 27, 'C', 1),
(568, 19, 28, 'D', 0),
(569, 19, 29, 'C', 1),
(570, 19, 30, 'D', 1),
(571, 20, 1, 'B', 0),
(572, 20, 2, 'A', 1),
(573, 20, 3, 'E', 1),
(574, 20, 4, 'C', 1),
(575, 20, 5, 'C', 0),
(576, 20, 6, 'A', 0),
(577, 20, 7, 'D', 1),
(578, 20, 8, 'C', 1),
(579, 20, 9, 'A', 1),
(580, 20, 10, '-', 0),
(581, 20, 11, 'C', 1),
(582, 20, 12, 'E', 0),
(583, 20, 13, 'A', 0),
(584, 20, 14, 'D', 0),
(585, 20, 15, 'E', 0),
(586, 20, 16, 'A', 0),
(587, 20, 17, 'C', 0),
(588, 20, 18, 'B', 1),
(589, 20, 19, 'B', 0),
(590, 20, 20, 'C', 1),
(591, 20, 21, 'A', 1),
(592, 20, 22, 'A', 0),
(593, 20, 23, 'D', 1),
(594, 20, 24, 'D', 1),
(595, 20, 25, 'B', 0),
(596, 20, 26, 'C', 0),
(597, 20, 27, 'C', 1),
(598, 20, 28, 'B', 0),
(599, 20, 29, 'C', 1),
(600, 20, 30, 'D', 1),
(601, 21, 1, 'B', 0),
(602, 21, 2, 'C', 0),
(603, 21, 3, 'E', 1),
(604, 21, 4, 'C', 1),
(605, 21, 5, 'B', 1),
(606, 21, 6, 'A', 0),
(607, 21, 7, 'D', 1),
(608, 21, 8, 'C', 1),
(609, 21, 9, 'E', 0),
(610, 21, 10, 'E', 1),
(611, 21, 11, 'C', 1),
(612, 21, 12, 'A', 0),
(613, 21, 13, 'B', 0),
(614, 21, 14, 'D', 0),
(615, 21, 15, 'B', 0),
(616, 21, 16, 'D', 1),
(617, 21, 17, 'B', 1),
(618, 21, 18, 'B', 1),
(619, 21, 19, 'A', 1),
(620, 21, 20, 'B', 0),
(621, 21, 21, 'A', 1),
(622, 21, 22, 'B', 0),
(623, 21, 23, 'D', 1),
(624, 21, 24, 'D', 1),
(625, 21, 25, 'B', 0),
(626, 21, 26, 'A', 1),
(627, 21, 27, 'C', 1),
(628, 21, 28, 'B', 0),
(629, 21, 29, 'E', 0),
(630, 21, 30, 'D', 1),
(631, 22, 1, 'B', 0),
(632, 22, 2, 'A', 1),
(633, 22, 3, 'E', 1),
(634, 22, 4, 'C', 1),
(635, 22, 5, 'B', 1),
(636, 22, 6, 'C', 1),
(637, 22, 7, 'D', 1),
(638, 22, 8, 'E', 0),
(639, 22, 9, 'D', 0),
(640, 22, 10, 'E', 1),
(641, 22, 11, 'B', 0),
(642, 22, 12, 'E', 0),
(643, 22, 13, 'D', 1),
(644, 22, 14, 'C', 1),
(645, 22, 15, 'B', 0),
(646, 22, 16, 'C', 0),
(647, 22, 17, 'B', 1),
(648, 22, 18, 'B', 1),
(649, 22, 19, 'A', 1),
(650, 22, 20, 'B', 0),
(651, 22, 21, 'A', 1),
(652, 22, 22, 'A', 0),
(653, 22, 23, 'D', 1),
(654, 22, 24, 'D', 1),
(655, 22, 25, 'B', 0),
(656, 22, 26, 'E', 0),
(657, 22, 27, 'A', 0),
(658, 22, 28, 'A', 1),
(659, 22, 29, 'A', 0),
(660, 22, 30, 'C', 0),
(661, 23, 1, 'E', 1),
(662, 23, 2, 'C', 0),
(663, 23, 3, 'E', 1),
(664, 23, 4, 'B', 0),
(665, 23, 5, 'D', 0),
(666, 23, 6, 'A', 0),
(667, 23, 7, 'C', 0),
(668, 23, 8, 'C', 1),
(669, 23, 9, 'E', 0),
(670, 23, 10, 'E', 1),
(671, 23, 11, 'A', 0),
(672, 23, 12, 'D', 0),
(673, 23, 13, 'B', 0),
(674, 23, 14, 'D', 0),
(675, 23, 15, 'C', 0),
(676, 23, 16, 'E', 0),
(677, 23, 17, 'A', 0),
(678, 23, 18, 'B', 1),
(679, 23, 19, 'D', 0),
(680, 23, 20, 'C', 1),
(681, 23, 21, 'A', 1),
(682, 23, 22, 'D', 0),
(683, 23, 23, 'B', 0),
(684, 23, 24, 'E', 0),
(685, 23, 25, 'C', 0),
(686, 23, 26, 'B', 0),
(687, 23, 27, 'A', 0),
(688, 23, 28, 'D', 0),
(689, 23, 29, 'E', 0),
(690, 23, 30, 'D', 1),
(691, 24, 1, 'B', 0),
(692, 24, 2, 'B', 0),
(693, 24, 3, 'E', 1),
(694, 24, 4, 'B', 0),
(695, 24, 5, 'C', 0),
(696, 24, 6, 'A', 0),
(697, 24, 7, 'D', 1),
(698, 24, 8, 'C', 1),
(699, 24, 9, 'A', 1),
(700, 24, 10, 'E', 1),
(701, 24, 11, 'C', 1),
(702, 24, 12, 'E', 0),
(703, 24, 13, 'A', 0),
(704, 24, 14, 'C', 1),
(705, 24, 15, 'E', 0),
(706, 24, 16, 'D', 1),
(707, 24, 17, 'C', 0),
(708, 24, 18, 'B', 1),
(709, 24, 19, 'A', 1),
(710, 24, 20, 'C', 1),
(711, 24, 21, 'A', 1),
(712, 24, 22, 'A', 0),
(713, 24, 23, 'D', 1),
(714, 24, 24, 'D', 1),
(715, 24, 25, 'B', 0),
(716, 24, 26, 'A', 1),
(717, 24, 27, 'C', 1),
(718, 24, 28, 'B', 0),
(719, 24, 29, 'D', 0),
(720, 24, 30, 'C', 0),
(721, 25, 1, 'A ', 0),
(722, 25, 2, 'C', 0),
(723, 25, 3, 'E', 1),
(724, 25, 4, 'C', 1),
(725, 25, 5, 'B', 1),
(726, 25, 6, 'A', 0),
(727, 25, 7, 'D', 1),
(728, 25, 8, 'C', 1),
(729, 25, 9, 'A', 1),
(730, 25, 10, 'E', 1),
(731, 25, 11, 'C', 1),
(732, 25, 12, 'E', 0),
(733, 25, 13, 'E', 0),
(734, 25, 14, 'C', 1),
(735, 25, 15, 'E', 0),
(736, 25, 16, 'B', 0),
(737, 25, 17, 'B', 1),
(738, 25, 18, 'B', 1),
(739, 25, 19, 'A', 1),
(740, 25, 20, 'C', 1),
(741, 25, 21, 'A', 1),
(742, 25, 22, 'A', 0),
(743, 25, 23, 'D', 1),
(744, 25, 24, 'D', 1),
(745, 25, 25, 'B', 0),
(746, 25, 26, 'A', 1),
(747, 25, 27, 'B', 0),
(748, 25, 28, 'C', 0),
(749, 25, 29, 'A', 0),
(750, 25, 30, 'A', 0),
(751, 26, 1, 'B', 0),
(752, 26, 2, 'C', 0),
(753, 26, 3, 'E', 1),
(754, 26, 4, 'C', 1),
(755, 26, 5, 'D', 0),
(756, 26, 6, 'A', 0),
(757, 26, 7, 'D', 1),
(758, 26, 8, 'C', 1),
(759, 26, 9, 'A', 1),
(760, 26, 10, 'A', 0),
(761, 26, 11, 'C', 1),
(762, 26, 12, 'E', 0),
(763, 26, 13, 'A', 0),
(764, 26, 14, 'D', 0),
(765, 26, 15, 'E', 0),
(766, 26, 16, 'D', 1),
(767, 26, 17, 'B', 1),
(768, 26, 18, 'C', 0),
(769, 26, 19, 'B', 0),
(770, 26, 20, 'C', 1),
(771, 26, 21, 'A', 1),
(772, 26, 22, 'C', 1),
(773, 26, 23, 'B', 0),
(774, 26, 24, 'C', 0),
(775, 26, 25, 'D', 0),
(776, 26, 26, 'E', 0),
(777, 26, 27, 'C', 1),
(778, 26, 28, 'B', 0),
(779, 26, 29, 'C', 1),
(780, 26, 30, 'E', 0),
(781, 27, 1, 'B', 0),
(782, 27, 2, 'A', 1),
(783, 27, 3, 'E', 1),
(784, 27, 4, 'C', 1),
(785, 27, 5, 'B', 1),
(786, 27, 6, 'A', 0),
(787, 27, 7, 'D', 1),
(788, 27, 8, 'C', 1),
(789, 27, 9, 'E', 0),
(790, 27, 10, 'E', 1),
(791, 27, 11, 'C', 1),
(792, 27, 12, 'A', 0),
(793, 27, 13, 'B', 0),
(794, 27, 14, 'D', 0),
(795, 27, 15, 'B', 0),
(796, 27, 16, 'D', 1),
(797, 27, 17, 'B', 1),
(798, 27, 18, 'B', 1),
(799, 27, 19, 'A', 1),
(800, 27, 20, 'B', 0),
(801, 27, 21, 'A', 1),
(802, 27, 22, 'B', 0),
(803, 27, 23, 'D', 1),
(804, 27, 24, 'D', 1),
(805, 27, 25, 'A', 1),
(806, 27, 26, 'A', 1),
(807, 27, 27, 'C', 1),
(808, 27, 28, 'B', 0),
(809, 27, 29, 'E', 0),
(810, 27, 30, 'D', 1),
(811, 28, 1, 'B', 0),
(812, 28, 2, 'A', 1),
(813, 28, 3, 'E', 1),
(814, 28, 4, 'C', 1),
(815, 28, 5, 'C', 0),
(816, 28, 6, '-', 0),
(817, 28, 7, 'D', 1),
(818, 28, 8, 'E', 0),
(819, 28, 9, 'D', 0),
(820, 28, 10, 'E', 1),
(821, 28, 11, 'B', 0),
(822, 28, 12, 'E', 0),
(823, 28, 13, 'D', 1),
(824, 28, 14, 'C', 1),
(825, 28, 15, 'B', 0),
(826, 28, 16, 'C', 0),
(827, 28, 17, 'B', 1),
(828, 28, 18, 'B', 1),
(829, 28, 19, 'A', 1),
(830, 28, 20, 'B', 0),
(831, 28, 21, 'A', 1),
(832, 28, 22, 'A', 0),
(833, 28, 23, 'D', 1),
(834, 28, 24, 'D', 1),
(835, 28, 25, 'B', 0),
(836, 28, 26, 'E', 0),
(837, 28, 27, 'A', 0),
(838, 28, 28, 'A', 1),
(839, 28, 29, 'A', 0),
(840, 28, 30, 'C', 0),
(841, 29, 1, 'B', 0),
(842, 29, 2, 'A', 1),
(843, 29, 3, 'E', 1),
(844, 29, 4, 'C', 1),
(845, 29, 5, 'C', 0),
(846, 29, 6, 'A', 0),
(847, 29, 7, 'D', 1),
(848, 29, 8, 'E', 0),
(849, 29, 9, 'D', 0),
(850, 29, 10, 'E', 1),
(851, 29, 11, 'B', 0),
(852, 29, 12, 'E', 0),
(853, 29, 13, 'D', 1),
(854, 29, 14, 'C', 1),
(855, 29, 15, 'B', 0),
(856, 29, 16, 'C', 0),
(857, 29, 17, 'D', 0),
(858, 29, 18, 'B', 1),
(859, 29, 19, 'A', 1),
(860, 29, 20, 'B', 0),
(861, 29, 21, 'A', 1),
(862, 29, 22, 'A', 0),
(863, 29, 23, 'D', 1),
(864, 29, 24, 'D', 1),
(865, 29, 25, 'B', 0),
(866, 29, 26, 'E', 0),
(867, 29, 27, 'A', 0),
(868, 29, 28, 'A', 1),
(869, 29, 29, 'A', 0),
(870, 29, 30, 'C', 0),
(871, 30, 1, 'B', 0),
(872, 30, 2, 'A', 1),
(873, 30, 3, 'E', 1),
(874, 30, 4, 'C', 1),
(875, 30, 5, 'A', 0),
(876, 30, 6, 'A', 0),
(877, 30, 7, 'D', 1),
(878, 30, 8, 'C', 1),
(879, 30, 9, 'A', 1),
(880, 30, 10, 'E', 1),
(881, 30, 11, 'C', 1),
(882, 30, 12, 'E', 0),
(883, 30, 13, 'E', 0),
(884, 30, 14, 'C', 1),
(885, 30, 15, 'E', 0),
(886, 30, 16, 'C', 0),
(887, 30, 17, 'B', 1),
(888, 30, 18, 'B', 1),
(889, 30, 19, 'A', 1),
(890, 30, 20, 'C', 1),
(891, 30, 21, 'A', 1),
(892, 30, 22, 'A', 0),
(893, 30, 23, 'D', 1),
(894, 30, 24, 'D', 1),
(895, 30, 25, 'B', 0),
(896, 30, 26, 'A', 1),
(897, 30, 27, 'B', 0),
(898, 30, 28, 'C', 0),
(899, 30, 29, 'D', 0),
(900, 30, 30, 'E', 0),
(901, 31, 1, 'D', 0),
(902, 31, 2, 'C', 0),
(903, 31, 3, 'E', 1),
(904, 31, 4, 'C', 1),
(905, 31, 5, 'B', 1),
(906, 31, 6, 'A', 0),
(907, 31, 7, 'D', 1),
(908, 31, 8, 'E', 0),
(909, 31, 9, '-', 0),
(910, 31, 10, '-', 0),
(911, 31, 11, '-', 0),
(912, 31, 12, 'E', 0),
(913, 31, 13, 'E', 0),
(914, 31, 14, 'C', 1),
(915, 31, 15, 'E', 0),
(916, 31, 16, 'B', 0),
(917, 31, 17, 'B', 1),
(918, 31, 18, 'B', 1),
(919, 31, 19, 'A', 1),
(920, 31, 20, 'C', 1),
(921, 31, 21, 'A', 1),
(922, 31, 22, 'A', 0),
(923, 31, 23, 'D', 1),
(924, 31, 24, 'D', 1),
(925, 31, 25, 'B', 0),
(926, 31, 26, 'C', 0),
(927, 31, 27, 'D', 0),
(928, 31, 28, 'D', 0),
(929, 31, 29, 'A', 0),
(930, 31, 30, 'A', 0),
(931, 32, 1, 'B', 0),
(932, 32, 2, 'C', 0),
(933, 32, 3, 'E', 1),
(934, 32, 4, 'E', 0),
(935, 32, 5, 'C', 0),
(936, 32, 6, 'A', 0),
(937, 32, 7, 'D', 1),
(938, 32, 8, 'C', 1),
(939, 32, 9, 'A', 1),
(940, 32, 10, 'A', 0),
(941, 32, 11, 'C', 1),
(942, 32, 12, 'E', 0),
(943, 32, 13, 'A', 0),
(944, 32, 14, 'D', 0),
(945, 32, 15, 'A', 1),
(946, 32, 16, 'C', 0),
(947, 32, 17, 'D', 0),
(948, 32, 18, 'C', 0),
(949, 32, 19, 'B', 0),
(950, 32, 20, 'D', 0),
(951, 32, 21, 'B', 0),
(952, 32, 22, 'C', 1),
(953, 32, 23, 'D', 1),
(954, 32, 24, 'B', 0),
(955, 32, 25, 'A', 1),
(956, 32, 26, 'B', 0),
(957, 32, 27, 'C', 1),
(958, 32, 28, 'D', 0),
(959, 32, 29, 'B', 0),
(960, 32, 30, 'C', 0),
(961, 33, 1, 'B', 0),
(962, 33, 2, 'C', 0),
(963, 33, 3, 'E', 1),
(964, 33, 4, 'C', 1),
(965, 33, 5, 'C', 0),
(966, 33, 6, 'A', 0),
(967, 33, 7, 'D', 1),
(968, 33, 8, 'B', 0),
(969, 33, 9, 'C', 0),
(970, 33, 10, 'A', 0),
(971, 33, 11, 'E', 0),
(972, 33, 12, 'A', 0),
(973, 33, 13, 'D', 1),
(974, 33, 14, 'C', 1),
(975, 33, 15, 'D', 0),
(976, 33, 16, 'B', 0),
(977, 33, 17, 'E', 0),
(978, 33, 18, 'C', 0),
(979, 33, 19, 'C', 0),
(980, 33, 20, 'E', 0),
(981, 33, 21, 'B', 0),
(982, 33, 22, 'D', 0),
(983, 33, 23, 'A', 0),
(984, 33, 24, 'A', 0),
(985, 33, 25, 'E', 0),
(986, 33, 26, 'C', 0),
(987, 33, 27, 'C', 1),
(988, 33, 28, 'A', 1),
(989, 33, 29, 'B', 0),
(990, 33, 30, 'E', 0),
(991, 38, 31, 'A', 0),
(992, 38, 32, 'A', 1),
(993, 38, 33, 'A', 0),
(994, 38, 34, 'A', 0),
(995, 38, 35, 'A', 0),
(996, 38, 36, 'A', 0),
(997, 38, 37, 'A', 0),
(998, 38, 38, 'A', 0),
(999, 38, 39, 'A', 1),
(1000, 38, 40, 'A', 0),
(1001, 38, 41, 'A', 0),
(1002, 38, 42, 'A', 0),
(1003, 38, 43, 'A', 0),
(1004, 38, 44, 'A', 0),
(1005, 38, 45, 'A', 1),
(1006, 38, 46, 'A', 0),
(1007, 38, 47, 'A', 0),
(1008, 38, 48, 'A', 0),
(1009, 38, 49, 'A', 1),
(1010, 38, 50, 'A', 0),
(1011, 38, 51, 'A', 1),
(1012, 38, 52, 'A', 0),
(1013, 38, 53, 'A', 0),
(1014, 38, 54, 'A', 0),
(1015, 38, 55, 'A', 1),
(1016, 38, 56, 'A', 1),
(1017, 38, 57, 'A', 0),
(1018, 38, 58, 'A', 1),
(1019, 38, 59, 'A', 0),
(1020, 38, 60, 'A', 0),
(1021, 40, 31, 'E', 1),
(1022, 40, 32, 'A', 1),
(1023, 40, 33, 'E', 1),
(1024, 40, 34, 'C', 1),
(1025, 40, 35, 'B', 1),
(1026, 40, 36, 'C', 1),
(1027, 40, 37, 'D', 1),
(1028, 40, 38, 'C', 1),
(1029, 40, 39, 'A', 1),
(1030, 40, 40, 'B', 0),
(1031, 40, 41, 'C', 1),
(1032, 40, 42, 'C', 1),
(1033, 40, 43, 'D', 1),
(1034, 40, 44, 'C', 1),
(1035, 40, 45, 'A', 1),
(1036, 40, 46, 'D', 1),
(1037, 40, 47, 'B', 1),
(1038, 40, 48, 'B', 1),
(1039, 40, 49, 'A', 1),
(1040, 40, 50, 'C', 1),
(1041, 40, 51, 'A', 1),
(1042, 40, 52, 'C', 1),
(1043, 40, 53, 'D', 1),
(1044, 40, 54, 'D', 1),
(1045, 40, 55, 'A', 1),
(1046, 40, 56, 'A', 1),
(1047, 40, 57, 'C', 1),
(1048, 40, 58, 'A', 1),
(1049, 40, 59, 'C', 1),
(1050, 40, 60, 'D', 1);

-- --------------------------------------------------------

--
-- Table structure for table `t_jurusan`
--

CREATE TABLE IF NOT EXISTS `t_jurusan` (
`id_jurusan` int(11) NOT NULL,
  `nama_jurusan` varchar(200) NOT NULL
) ENGINE=InnoDB AUTO_INCREMENT=8 DEFAULT CHARSET=latin1;

--
-- Dumping data for table `t_jurusan`
--

INSERT INTO `t_jurusan` (`id_jurusan`, `nama_jurusan`) VALUES
(1, 'TKJ'),
(2, 'RPL'),
(3, 'Multimedia'),
(4, 'IPA'),
(5, 'IPS'),
(6, 'Bahasa'),
(7, 'Lainnya');

-- --------------------------------------------------------

--
-- Table structure for table `t_kelas`
--

CREATE TABLE IF NOT EXISTS `t_kelas` (
`id_kelas` int(11) NOT NULL,
  `nama_kelas` varchar(200) NOT NULL,
  `id_tk_jurusan` int(11) NOT NULL
) ENGINE=InnoDB AUTO_INCREMENT=10 DEFAULT CHARSET=latin1;

--
-- Dumping data for table `t_kelas`
--

INSERT INTO `t_kelas` (`id_kelas`, `nama_kelas`, `id_tk_jurusan`) VALUES
(1, 'X TKJ 1', 1),
(2, 'X TKJ 2', 1),
(3, 'X TKJ 3', 1),
(4, 'X RPL 1', 2),
(5, 'X RPL 2', 2),
(6, 'X RPL 3', 2),
(7, 'X MM 1', 3),
(8, 'X MM 2', 3),
(9, 'X MM 3', 3);

-- --------------------------------------------------------

--
-- Table structure for table `t_mata_pelajaran`
--

CREATE TABLE IF NOT EXISTS `t_mata_pelajaran` (
`id_mata_pelajaran` int(11) NOT NULL,
  `nama_mata_pelajaran` varchar(200) NOT NULL
) ENGINE=InnoDB AUTO_INCREMENT=8 DEFAULT CHARSET=latin1;

--
-- Dumping data for table `t_mata_pelajaran`
--

INSERT INTO `t_mata_pelajaran` (`id_mata_pelajaran`, `nama_mata_pelajaran`) VALUES
(1, 'pemrograman dasar'),
(2, 'jaringan dasar'),
(3, 'sistem operasi'),
(4, 'A'),
(5, 'A'),
(6, 'A'),
(7, 'A');

-- --------------------------------------------------------

--
-- Table structure for table `t_pokok_bahasan`
--

CREATE TABLE IF NOT EXISTS `t_pokok_bahasan` (
`id_pokok_bahasan` int(11) NOT NULL,
  `pokok_bahasan` varchar(200) NOT NULL,
  `id_mapel_tingkat_kelas` int(11) NOT NULL
) ENGINE=InnoDB AUTO_INCREMENT=4 DEFAULT CHARSET=latin1;

--
-- Dumping data for table `t_pokok_bahasan`
--

INSERT INTO `t_pokok_bahasan` (`id_pokok_bahasan`, `pokok_bahasan`, `id_mapel_tingkat_kelas`) VALUES
(1, 'Algoritma pemrograman (variabel, tipe data, operator dan pseudocode)', 1),
(2, 'Algoritma percabangan', 1),
(3, 'Algoritma perulangan ', 1);

-- --------------------------------------------------------

--
-- Table structure for table `t_rules`
--

CREATE TABLE IF NOT EXISTS `t_rules` (
`id_rules` int(11) NOT NULL,
  `id_matpel_tingkat_kelas` int(11) NOT NULL,
  `minSup` int(11) NOT NULL,
  `minConf` int(11) NOT NULL
) ENGINE=InnoDB AUTO_INCREMENT=25 DEFAULT CHARSET=latin1;

--
-- Dumping data for table `t_rules`
--

INSERT INTO `t_rules` (`id_rules`, `id_matpel_tingkat_kelas`, `minSup`, `minConf`) VALUES
(24, 1, 90, 90);

-- --------------------------------------------------------

--
-- Table structure for table `t_siswa`
--

CREATE TABLE IF NOT EXISTS `t_siswa` (
`id_siswa` int(11) NOT NULL,
  `nama_siswa` varchar(200) NOT NULL,
  `nis` varchar(20) NOT NULL,
  `id_kelas` int(11) NOT NULL
) ENGINE=InnoDB AUTO_INCREMENT=41 DEFAULT CHARSET=latin1;

--
-- Dumping data for table `t_siswa`
--

INSERT INTO `t_siswa` (`id_siswa`, `nama_siswa`, `nis`, `id_kelas`) VALUES
(1, 'aisyali', '10001', 4),
(2, 'alif', '10002', 4),
(3, 'andika', '10003', 4),
(4, 'andri', '10004', 4),
(5, 'bentar', '10005', 4),
(6, 'biyan', '10006', 4),
(7, 'dhafin', '10007', 4),
(8, 'dimas', '10008', 4),
(9, 'fajar', '10009', 4),
(10, 'fatur', '10010', 4),
(11, 'fiqri', '10011', 4),
(12, 'gilang', '10012', 4),
(13, 'hamdan', '10013', 4),
(14, 'ilham', '10014', 4),
(15, 'krisna', '10015', 4),
(16, 'lucyane', '10016', 4),
(17, 'm.arvy', '10017', 4),
(18, 'm.dimas', '10018', 4),
(19, 'm.iqbal', '10019', 4),
(20, 'm.irja', '10020', 4),
(21, 'mahesa', '10021', 4),
(22, 'maulana', '10022', 4),
(23, 'meisya', '10023', 4),
(24, 'normansyah', '10024', 4),
(25, 'nurrafi', '10025', 4),
(26, 'rafi', '10026', 4),
(27, 'rendy', '10027', 4),
(28, 'rimba', '10028', 4),
(29, 'rizal', '10029', 4),
(30, 'rizal m', '10030', 4),
(31, 'rizky', '10031', 4),
(32, 'wilbryfston', '10032', 4),
(33, 'yudha', '10033', 4),
(38, 'Anto', '12001', 1),
(40, 'Beni', '12002', 1);

-- --------------------------------------------------------

--
-- Table structure for table `t_soal`
--

CREATE TABLE IF NOT EXISTS `t_soal` (
`id_soal` int(11) NOT NULL,
  `soal` text NOT NULL,
  `jawaban_a` text NOT NULL,
  `jawaban_b` text NOT NULL,
  `jawaban_c` text NOT NULL,
  `jawaban_d` text NOT NULL,
  `jawaban_e` text NOT NULL,
  `kunci_jawaban` varchar(10) NOT NULL,
  `id_matpel_tingkat_kelas` int(11) NOT NULL
) ENGINE=InnoDB AUTO_INCREMENT=61 DEFAULT CHARSET=latin1;

--
-- Dumping data for table `t_soal`
--

INSERT INTO `t_soal` (`id_soal`, `soal`, `jawaban_a`, `jawaban_b`, `jawaban_c`, `jawaban_d`, `jawaban_e`, `kunci_jawaban`, `id_matpel_tingkat_kelas`) VALUES
(1, '&lt;!-- [if gte mso 9]&gt;&lt;xml&gt;\r\n &lt;o:OfficeDocumentSettings&gt;\r\n  &lt;o:AllowPNG/&gt;\r\n &lt;/o:OfficeDocumentSettings&gt;\r\n&lt;/xml&gt;&lt;![endif]--&gt;\r\n&lt;p&gt;&amp;nbsp;&lt;span style=&quot;font-size: 10.0pt; font-family: ''Times New Roman'',serif; mso-fareast-font-family: ''Times New Roman''; mso-fareast-language: IN;&quot;&gt;Perhatikan program berikut :&lt;/span&gt;&lt;/p&gt;\r\n&lt;p&gt;&lt;span style=&quot;font-size: 10.0pt; font-family: ''Times New Roman'',serif; mso-fareast-font-family: ''Times New Roman''; mso-fareast-language: IN;&quot;&gt;/ * PROGRAM lebih_besar */&lt;/span&gt;&lt;/p&gt;\r\n&lt;p class=&quot;MsoNormal&quot; style=&quot;margin-bottom: .0001pt; line-height: normal;&quot;&gt;&lt;span style=&quot;font-size: 10.0pt; font-family: ''Times New Roman'',serif; mso-fareast-font-family: ''Times New Roman''; mso-fareast-language: IN;&quot;&gt;/&lt;em style=&quot;mso-bidi-font-style: normal;&quot;&gt;* mencetak pesan &amp;ldquo;angka pertama lebih besar dari angka kedua&amp;rdquo; atau &amp;ldquo;angka kedua lebih besar dari angka pertama&amp;rdquo; &lt;/em&gt;*/&lt;/span&gt;&lt;/p&gt;\r\n&lt;p&gt;&amp;nbsp;&lt;/p&gt;\r\n&lt;p&gt;&lt;span style=&quot;font-size: 10.0pt; font-family: ''Times New Roman'',serif; mso-fareast-font-family: ''Times New Roman''; mso-fareast-language: IN;&quot;&gt;#&lt;strong style=&quot;mso-bidi-font-weight: normal;&quot;&gt;include&lt;/strong&gt;&amp;lt;stdio.h&amp;gt;&lt;/span&gt;&lt;/p&gt;\r\n&lt;p&gt;&lt;strong style=&quot;mso-bidi-font-weight: normal;&quot;&gt;&lt;span style=&quot;font-size: 10.0pt; font-family: ''Times New Roman'',serif; mso-fareast-font-family: ''Times New Roman''; mso-fareast-language: IN;&quot;&gt;main&lt;/span&gt;&lt;/strong&gt;&lt;span style=&quot;font-size: 10.0pt; font-family: ''Times New Roman'',serif; mso-fareast-font-family: ''Times New Roman''; mso-fareast-language: IN;&quot;&gt;(){&lt;/span&gt;&lt;/p&gt;\r\n&lt;p&gt;&lt;span style=&quot;font-size: 10.0pt; font-family: ''Times New Roman'',serif; mso-fareast-font-family: ''Times New Roman''; mso-fareast-language: IN;&quot;&gt;&amp;nbsp;&amp;nbsp;&amp;nbsp;&amp;nbsp; /* DEKLARASI */&lt;/span&gt;&lt;/p&gt;\r\n&lt;p&gt;&lt;span style=&quot;font-size: 10.0pt; font-family: ''Times New Roman'',serif; mso-fareast-font-family: ''Times New Roman''; mso-fareast-language: IN;&quot;&gt;&amp;nbsp;&amp;nbsp;&amp;nbsp;&amp;nbsp; &lt;strong style=&quot;mso-bidi-font-weight: normal;&quot;&gt;int&lt;/strong&gt; angka_pertama, angka_kedua;&lt;/span&gt;&lt;/p&gt;\r\n&lt;p&gt;&lt;span style=&quot;font-size: 10.0pt; font-family: ''Times New Roman'',serif; mso-fareast-font-family: ''Times New Roman''; mso-fareast-language: IN;&quot;&gt;&amp;nbsp;&amp;nbsp;&amp;nbsp;&amp;nbsp; /* ALGORITMA */&lt;/span&gt;&lt;/p&gt;\r\n&lt;p&gt;&lt;span style=&quot;font-size: 10.0pt; font-family: ''Times New Roman'',serif; mso-fareast-font-family: ''Times New Roman''; mso-fareast-language: IN;&quot;&gt;&amp;nbsp;&amp;nbsp;&amp;nbsp;&amp;nbsp; angka_pertama = ...... ;&lt;/span&gt;&lt;/p&gt;\r\n&lt;p&gt;&lt;span style=&quot;font-size: 10.0pt; font-family: ''Times New Roman'',serif; mso-fareast-font-family: ''Times New Roman''; mso-fareast-language: IN;&quot;&gt;&amp;nbsp;&amp;nbsp;&amp;nbsp;&amp;nbsp; angka_kedua = ...... ;&lt;/span&gt;&lt;/p&gt;\r\n&lt;p&gt;&lt;span style=&quot;font-size: 10.0pt; font-family: ''Times New Roman'',serif; mso-fareast-font-family: ''Times New Roman''; mso-fareast-language: IN;&quot;&gt;&amp;nbsp;&amp;nbsp;&amp;nbsp;&amp;nbsp; &lt;strong style=&quot;mso-bidi-font-weight: normal;&quot;&gt;if&lt;/strong&gt; (angka_pertama ...... angka kedua)&lt;/span&gt;&lt;/p&gt;\r\n&lt;p&gt;&lt;span style=&quot;font-size: 10.0pt; font-family: ''Times New Roman'',serif; mso-fareast-font-family: ''Times New Roman''; mso-fareast-language: IN;&quot;&gt;&amp;nbsp;&amp;nbsp;&amp;nbsp;&amp;nbsp;&amp;nbsp;&amp;nbsp;&amp;nbsp;&amp;nbsp;&amp;nbsp; &lt;strong style=&quot;mso-bidi-font-weight: normal;&quot;&gt;printf&lt;/strong&gt;(&amp;ldquo;angka pertama lebih besar dari angka kedua&amp;rdquo;);&lt;/span&gt;&lt;/p&gt;\r\n&lt;p&gt;&lt;span style=&quot;font-size: 10.0pt; font-family: ''Times New Roman'',serif; mso-fareast-font-family: ''Times New Roman''; mso-fareast-language: IN;&quot;&gt;&amp;nbsp;&amp;nbsp;&amp;nbsp;&amp;nbsp; &lt;strong style=&quot;mso-bidi-font-weight: normal;&quot;&gt;else&lt;/strong&gt;&lt;/span&gt;&lt;/p&gt;\r\n&lt;p&gt;&lt;span style=&quot;font-size: 10.0pt; font-family: ''Times New Roman'',serif; mso-fareast-font-family: ''Times New Roman''; mso-fareast-language: IN;&quot;&gt;&amp;nbsp;&amp;nbsp;&amp;nbsp;&amp;nbsp;&amp;nbsp;&amp;nbsp;&amp;nbsp;&amp;nbsp;&amp;nbsp; &lt;strong style=&quot;mso-bidi-font-weight: normal;&quot;&gt;printf&lt;/strong&gt; (&amp;ldquo;angka kedua lebih besar dari angka pertama&amp;rdquo;);&lt;/span&gt;&lt;/p&gt;\r\n&lt;p&gt;&lt;span style=&quot;font-size: 10.0pt; font-family: ''Times New Roman'',serif; mso-fareast-font-family: ''Times New Roman''; mso-fareast-language: IN;&quot;&gt;}&amp;nbsp;&amp;nbsp;&amp;nbsp;&lt;/span&gt;&lt;/p&gt;\r\n&lt;p&gt;&lt;span style=&quot;font-size: 10.0pt; font-family: ''Times New Roman'',serif; mso-fareast-font-family: ''Times New Roman''; mso-fareast-language: IN;&quot;&gt;Program tersebut akan mengeluarkan hasil ....&lt;/span&gt;&lt;/p&gt;\r\n&lt;!-- [if gte mso 9]&gt;&lt;xml&gt;\r\n &lt;w:WordDocument&gt;\r\n  &lt;w:View&gt;Normal&lt;/w:View&gt;\r\n  &lt;w:Zoom&gt;0&lt;/w:Zoom&gt;\r\n  &lt;w:TrackMoves/&gt;\r\n  &lt;w:TrackFormatting/&gt;\r\n  &lt;w:PunctuationKerning/&gt;\r\n  &lt;w:ValidateAgainstSchemas/&gt;\r\n  &lt;w:SaveIfXMLInvalid&gt;false&lt;/w:SaveIfXMLInvalid&gt;\r\n  &lt;w:IgnoreMixedContent&gt;false&lt;/w:IgnoreMixedContent&gt;\r\n  &lt;w:AlwaysShowPlaceholderText&gt;false&lt;/w:AlwaysShowPlaceholderText&gt;\r\n  &lt;w:DoNotPromoteQF/&gt;\r\n  &lt;w:LidThemeOther&gt;IN&lt;/w:LidThemeOther&gt;\r\n  &lt;w:LidThemeAsian&gt;X-NONE&lt;/w:LidThemeAsian&gt;\r\n  &lt;w:LidThemeComplexScript&gt;X-NONE&lt;/w:LidThemeComplexScript&gt;\r\n  &lt;w:Compatibility&gt;\r\n   &lt;w:BreakWrappedTables/&gt;\r\n   &lt;w:SnapToGridInCell/&gt;\r\n   &lt;w:WrapTextWithPunct/&gt;\r\n   &lt;w:UseAsianBreakRules/&gt;\r\n   &lt;w:DontGrowAutofit/&gt;\r\n   &lt;w:SplitPgBreakAndParaMark/&gt;\r\n   &lt;w:EnableOpenTypeKerning/&gt;\r\n   &lt;w:DontFlipMirrorIndents/&gt;\r\n   &lt;w:OverrideTableStyleHps/&gt;\r\n  &lt;/w:Compatibility&gt;\r\n  &lt;m:mathPr&gt;\r\n   &lt;m:mathFont m:val=&quot;Cambria Math&quot;/&gt;\r\n   &lt;m:brkBin m:val=&quot;before&quot;/&gt;\r\n   &lt;m:brkBinSub m:val=&quot;&amp;#45;-&quot;/&gt;\r\n   &lt;m:smallFrac m:val=&quot;off&quot;/&gt;\r\n   &lt;m:dispDef/&gt;\r\n   &lt;m:lMargin m:val=&quot;0&quot;/&gt;\r\n   &lt;m:rMargin m:val=&quot;0&quot;/&gt;\r\n   &lt;m:defJc m:val=&quot;centerGroup&quot;/&gt;\r\n   &lt;m:wrapIndent m:val=&quot;1440&quot;/&gt;\r\n   &lt;m:intLim m:val=&quot;subSup&quot;/&gt;\r\n   &lt;m:naryLim m:val=&quot;undOvr&quot;/&gt;\r\n  &lt;/m:mathPr&gt;&lt;/w:WordDocument&gt;\r\n&lt;/xml&gt;&lt;![endif]--&gt;&lt;!-- [if gte mso 9]&gt;&lt;xml&gt;\r\n &lt;w:LatentStyles DefLockedState=&quot;false&quot; DefUnhideWhenUsed=&quot;false&quot;\r\n  DefSemiHidden=&quot;false&quot; DefQFormat=&quot;false&quot; DefPriority=&quot;99&quot;\r\n  LatentStyleCount=&quot;372&quot;&gt;\r\n  &lt;w:LsdException Locked=&quot;false&quot; Priority=&quot;0&quot; QFormat=&quot;true&quot; Name=&quot;Normal&quot;/&gt;\r\n  &lt;w:LsdException Locked=&quot;false&quot; Priority=&quot;9&quot; QFormat=&quot;true&quot; Name=&quot;heading 1&quot;/&gt;\r\n  &lt;w:LsdException Locked=&quot;false&quot; Priority=&quot;9&quot; SemiHidden=&quot;true&quot;\r\n   UnhideWhenUsed=&quot;true&quot; QFormat=&quot;true&quot; Name=&quot;heading 2&quot;/&gt;\r\n  &lt;w:LsdException Locked=&quot;false&quot; Priority=&quot;9&quot; SemiHidden=&quot;true&quot;\r\n   UnhideWhenUsed=&quot;true&quot; QFormat=&quot;true&quot; Name=&quot;heading 3&quot;/&gt;\r\n  &lt;w:LsdException Locked=&quot;false&quot; Priority=&quot;9&quot; SemiHidden=&quot;true&quot;\r\n   UnhideWhenUsed=&quot;true&quot; QFormat=&quot;true&quot; Name=&quot;heading 4&quot;/&gt;\r\n  &lt;w:LsdException Locked=&quot;false&quot; Priority=&quot;9&quot; SemiHidden=&quot;true&quot;\r\n   UnhideWhenUsed=&quot;true&quot; QFormat=&quot;true&quot; Name=&quot;heading 5&quot;/&gt;\r\n  &lt;w:LsdException Locked=&quot;false&quot; Priority=&quot;9&quot; SemiHidden=&quot;true&quot;\r\n   UnhideWhenUsed=&quot;true&quot; QFormat=&quot;true&quot; Name=&quot;heading 6&quot;/&gt;\r\n  &lt;w:LsdException Locked=&quot;false&quot; Priority=&quot;9&quot; SemiHidden=&quot;true&quot;\r\n   UnhideWhenUsed=&quot;true&quot; QFormat=&quot;true&quot; Name=&quot;heading 7&quot;/&gt;\r\n  &lt;w:LsdException Locked=&quot;false&quot; Priority=&quot;9&quot; SemiHidden=&quot;true&quot;\r\n   UnhideWhenUsed=&quot;true&quot; QFormat=&quot;true&quot; Name=&quot;heading 8&quot;/&gt;\r\n  &lt;w:LsdException Locked=&quot;false&quot; Priority=&quot;9&quot; SemiHidden=&quot;true&quot;\r\n   UnhideWhenUsed=&quot;true&quot; QFormat=&quot;true&quot; Name=&quot;heading 9&quot;/&gt;\r\n  &lt;w:LsdException Locked=&quot;false&quot; SemiHidden=&quot;true&quot; UnhideWhenUsed=&quot;true&quot;\r\n   Name=&quot;index 1&quot;/&gt;\r\n  &lt;w:LsdException Locked=&quot;false&quot; SemiHidden=&quot;true&quot; UnhideWhenUsed=&quot;true&quot;\r\n   Name=&quot;index 2&quot;/&gt;\r\n  &lt;w:LsdException Locked=&quot;false&quot; SemiHidden=&quot;true&quot; UnhideWhenUsed=&quot;true&quot;\r\n   Name=&quot;index 3&quot;/&gt;\r\n  &lt;w:LsdException Locked=&quot;false&quot; SemiHidden=&quot;true&quot; UnhideWhenUsed=&quot;true&quot;\r\n   Name=&quot;index 4&quot;/&gt;\r\n  &lt;w:LsdException Locked=&quot;false&quot; SemiHidden=&quot;true&quot; UnhideWhenUsed=&quot;true&quot;\r\n   Name=&quot;index 5&quot;/&gt;\r\n  &lt;w:LsdException Locked=&quot;false&quot; SemiHidden=&quot;true&quot; UnhideWhenUsed=&quot;true&quot;\r\n   Name=&quot;index 6&quot;/&gt;\r\n  &lt;w:LsdException Locked=&quot;false&quot; SemiHidden=&quot;true&quot; UnhideWhenUsed=&quot;true&quot;\r\n   Name=&quot;index 7&quot;/&gt;\r\n  &lt;w:LsdException Locked=&quot;false&quot; SemiHidden=&quot;true&quot; UnhideWhenUsed=&quot;true&quot;\r\n   Name=&quot;index 8&quot;/&gt;\r\n  &lt;w:LsdException Locked=&quot;false&quot; SemiHidden=&quot;true&quot; UnhideWhenUsed=&quot;true&quot;\r\n   Name=&quot;index 9&quot;/&gt;\r\n  &lt;w:LsdException Locked=&quot;false&quot; Priority=&quot;39&quot; SemiHidden=&quot;true&quot;\r\n   UnhideWhenUsed=&quot;true&quot; Name=&quot;toc 1&quot;/&gt;\r\n  &lt;w:LsdException Locked=&quot;false&quot; Priority=&quot;39&quot; SemiHidden=&quot;true&quot;\r\n   UnhideWhenUsed=&quot;true&quot; Name=&quot;toc 2&quot;/&gt;\r\n  &lt;w:LsdException Locked=&quot;false&quot; Priority=&quot;39&quot; SemiHidden=&quot;true&quot;\r\n   UnhideWhenUsed=&quot;true&quot; Name=&quot;toc 3&quot;/&gt;\r\n  &lt;w:LsdException Locked=&quot;false&quot; Priority=&quot;39&quot; SemiHidden=&quot;true&quot;\r\n   UnhideWhenUsed=&quot;true&quot; Name=&quot;toc 4&quot;/&gt;\r\n  &lt;w:LsdException Locked=&quot;false&quot; Priority=&quot;39&quot; SemiHidden=&quot;true&quot;\r\n   UnhideWhenUsed=&quot;true&quot; Name=&quot;toc 5&quot;/&gt;\r\n  &lt;w:LsdException Locked=&quot;false&quot; Priority=&quot;39&quot; SemiHidden=&quot;true&quot;\r\n   UnhideWhenUsed=&quot;true&quot; Name=&quot;toc 6&quot;/&gt;\r\n  &lt;w:LsdException Locked=&quot;false&quot; Priority=&quot;39&quot; SemiHidden=&quot;true&quot;\r\n   UnhideWhenUsed=&quot;true&quot; Name=&quot;toc 7&quot;/&gt;\r\n  &lt;w:LsdException Locked=&quot;false&quot; Priority=&quot;39&quot; SemiHidden=&quot;true&quot;\r\n   UnhideWhenUsed=&quot;true&quot; Name=&quot;toc 8&quot;/&gt;\r\n  &lt;w:LsdException Locked=&quot;false&quot; Priority=&quot;39&quot; SemiHidden=&quot;true&quot;\r\n   UnhideWhenUsed=&quot;true&quot; Name=&quot;toc 9&quot;/&gt;\r\n  &lt;w:LsdException Locked=&quot;false&quot; SemiHidden=&quot;true&quot; UnhideWhenUsed=&quot;true&quot;\r\n   Name=&quot;Normal Indent&quot;/&gt;\r\n  &lt;w:LsdException Locked=&quot;false&quot; SemiHidden=&quot;true&quot; UnhideWhenUsed=&quot;true&quot;\r\n   Name=&quot;footnote text&quot;/&gt;\r\n  &lt;w:LsdException Locked=&quot;false&quot; SemiHidden=&quot;true&quot; UnhideWhenUsed=&quot;true&quot;\r\n   Name=&quot;annotation text&quot;/&gt;\r\n  &lt;w:LsdException Locked=&quot;false&quot; SemiHidden=&quot;true&quot; UnhideWhenUsed=&quot;true&quot;\r\n   Name=&quot;header&quot;/&gt;\r\n  &lt;w:LsdException Locked=&quot;false&quot; SemiHidden=&quot;true&quot; UnhideWhenUsed=&quot;true&quot;\r\n   Name=&quot;footer&quot;/&gt;\r\n  &lt;w:LsdException Locked=&quot;false&quot; SemiHidden=&quot;true&quot; UnhideWhenUsed=&quot;true&quot;\r\n   Name=&quot;index heading&quot;/&gt;\r\n  &lt;w:LsdException Locked=&quot;false&quot; Priority=&quot;35&quot; SemiHidden=&quot;true&quot;\r\n   UnhideWhenUsed=&quot;true&quot; QFormat=&quot;true&quot; Name=&quot;caption&quot;/&gt;\r\n  &lt;w:LsdException Locked=&quot;false&quot; SemiHidden=&quot;true&quot; UnhideWhenUsed=&quot;true&quot;\r\n   Name=&quot;table of figures&quot;/&gt;\r\n  &lt;w:LsdException Locked=&quot;false&quot; SemiHidden=&quot;true&quot; UnhideWhenUsed=&quot;true&quot;\r\n   Name=&quot;envelope address&quot;/&gt;\r\n  &lt;w:LsdException Locked=&quot;false&quot; SemiHidden=&quot;true&quot; UnhideWhenUsed=&quot;true&quot;\r\n   Name=&quot;envelope return&quot;/&gt;\r\n  &lt;w:LsdException Locked=&quot;false&quot; SemiHidden=&quot;true&quot; UnhideWhenUsed=&quot;true&quot;\r\n   Name=&quot;footnote reference&quot;/&gt;\r\n  &lt;w:LsdException Locked=&quot;false&quot; SemiHidden=&quot;true&quot; UnhideWhenUsed=&quot;true&quot;\r\n   Name=&quot;annotation reference&quot;/&gt;\r\n  &lt;w:LsdException Locked=&quot;false&quot; SemiHidden=&quot;true&quot; UnhideWhenUsed=&quot;true&quot;\r\n   Name=&quot;line number&quot;/&gt;\r\n  &lt;w:LsdException Locked=&quot;false&quot; SemiHidden=&quot;true&quot; UnhideWhenUsed=&quot;true&quot;\r\n   Name=&quot;page number&quot;/&gt;\r\n  &lt;w:LsdException Locked=&quot;false&quot; SemiHidden=&quot;true&quot; UnhideWhenUsed=&quot;true&quot;\r\n   Name=&quot;endnote reference&quot;/&gt;\r\n  &lt;w:LsdException Locked=&quot;false&quot; SemiHidden=&quot;true&quot; UnhideWhenUsed=&quot;true&quot;\r\n   Name=&quot;endnote text&quot;/&gt;\r\n  &lt;w:LsdException Locked=&quot;false&quot; SemiHidden=&quot;true&quot; UnhideWhenUsed=&quot;true&quot;\r\n   Name=&quot;table of authorities&quot;/&gt;\r\n  &lt;w:LsdException Locked=&quot;false&quot; SemiHidden=&quot;true&quot; UnhideWhenUsed=&quot;true&quot;\r\n   Name=&quot;macro&quot;/&gt;\r\n  &lt;w:LsdException Locked=&quot;false&quot; SemiHidden=&quot;true&quot; UnhideWhenUsed=&quot;true&quot;\r\n   Name=&quot;toa heading&quot;/&gt;\r\n  &lt;w:LsdException Locked=&quot;false&quot; SemiHidden=&quot;true&quot; UnhideWhenUsed=&quot;true&quot;\r\n   Name=&quot;List&quot;/&gt;\r\n  &lt;w:LsdException Locked=&quot;false&quot; SemiHidden=&quot;true&quot; UnhideWhenUsed=&quot;true&quot;\r\n   Name=&quot;List Bullet&quot;/&gt;\r\n  &lt;w:LsdException Locked=&quot;false&quot; SemiHidden=&quot;true&quot; UnhideWhenUsed=&quot;true&quot;\r\n   Name=&quot;List Number&quot;/&gt;\r\n  &lt;w:LsdException Locked=&quot;false&quot; SemiHidden=&quot;true&quot; UnhideWhenUsed=&quot;true&quot;\r\n   Name=&quot;List 2&quot;/&gt;\r\n  &lt;w:LsdException Locked=&quot;false&quot; SemiHidden=&quot;true&quot; UnhideWhenUsed=&quot;true&quot;\r\n   Name=&quot;List 3&quot;/&gt;\r\n  &lt;w:LsdException Locked=&quot;false&quot; SemiHidden=&quot;true&quot; UnhideWhenUsed=&quot;true&quot;\r\n   Name=&quot;List 4&quot;/&gt;\r\n  &lt;w:LsdException Locked=&quot;false&quot; SemiHidden=&quot;true&quot; UnhideWhenUsed=&quot;true&quot;\r\n   Name=&quot;List 5&quot;/&gt;\r\n  &lt;w:LsdException Locked=&quot;false&quot; SemiHidden=&quot;true&quot; UnhideWhenUsed=&quot;true&quot;\r\n   Name=&quot;List Bullet 2&quot;/&gt;\r\n  &lt;w:LsdException Locked=&quot;false&quot; SemiHidden=&quot;true&quot; UnhideWhenUsed=&quot;true&quot;\r\n   Name=&quot;List Bullet 3&quot;/&gt;\r\n  &lt;w:LsdException Locked=&quot;false&quot; SemiHidden=&quot;true&quot; UnhideWhenUsed=&quot;true&quot;\r\n   Name=&quot;List Bullet 4&quot;/&gt;\r\n  &lt;w:LsdException Locked=&quot;false&quot; SemiHidden=&quot;true&quot; UnhideWhenUsed=&quot;true&quot;\r\n   Name=&quot;List Bullet 5&quot;/&gt;\r\n  &lt;w:LsdException Locked=&quot;false&quot; SemiHidden=&quot;true&quot; UnhideWhenUsed=&quot;true&quot;\r\n   Name=&quot;List Number 2&quot;/&gt;\r\n  &lt;w:LsdException Locked=&quot;false&quot; SemiHidden=&quot;true&quot; UnhideWhenUsed=&quot;true&quot;\r\n   Name=&quot;List Number 3&quot;/&gt;\r\n  &lt;w:LsdException Locked=&quot;false&quot; SemiHidden=&quot;true&quot; UnhideWhenUsed=&quot;true&quot;\r\n   Name=&quot;List Number 4&quot;/&gt;\r\n  &lt;w:LsdException Locked=&quot;false&quot; SemiHidden=&quot;true&quot; UnhideWhenUsed=&quot;true&quot;\r\n   Name=&quot;List Number 5&quot;/&gt;\r\n  &lt;w:LsdException Locked=&quot;false&quot; Priority=&quot;10&quot; QFormat=&quot;true&quot; Name=&quot;Title&quot;/&gt;\r\n  &lt;w:LsdException Locked=&quot;false&quot; SemiHidden=&quot;true&quot; UnhideWhenUsed=&quot;true&quot;\r\n   Name=&quot;Closing&quot;/&gt;\r\n  &lt;w:LsdException Locked=&quot;false&quot; SemiHidden=&quot;true&quot; UnhideWhenUsed=&quot;true&quot;\r\n   Name=&quot;Signature&quot;/&gt;\r\n  &lt;w:LsdException Locked=&quot;false&quot; Priority=&quot;1&quot; SemiHidden=&quot;true&quot;\r\n   UnhideWhenUsed=&quot;true&quot; Name=&quot;Default Paragraph Font&quot;/&gt;\r\n  &lt;w:LsdException Locked=&quot;false&quot; SemiHidden=&quot;true&quot; UnhideWhenUsed=&quot;true&quot;\r\n   Name=&quot;Body Text&quot;/&gt;\r\n  &lt;w:LsdException Locked=&quot;false&quot; SemiHidden=&quot;true&quot; UnhideWhenUsed=&quot;true&quot;\r\n   Name=&quot;Body Text Indent&quot;/&gt;\r\n  &lt;w:LsdException Locked=&quot;false&quot; SemiHidden=&quot;true&quot; UnhideWhenUsed=&quot;true&quot;\r\n   Name=&quot;List Continue&quot;/&gt;\r\n  &lt;w:LsdException Locked=&quot;false&quot; SemiHidden=&quot;true&quot; UnhideWhenUsed=&quot;true&quot;\r\n   Name=&quot;List Continue 2&quot;/&gt;\r\n  &lt;w:LsdException Locked=&quot;false&quot; SemiHidden=&quot;true&quot; UnhideWhenUsed=&quot;true&quot;\r\n   Name=&quot;List Continue 3&quot;/&gt;\r\n  &lt;w:LsdException Locked=&quot;false&quot; SemiHidden=&quot;true&quot; UnhideWhenUsed=&quot;true&quot;\r\n   Name=&quot;List Continue 4&quot;/&gt;\r\n  &lt;w:LsdException Locked=&quot;false&quot; SemiHidden=&quot;true&quot; UnhideWhenUsed=&quot;true&quot;\r\n   Name=&quot;List Continue 5&quot;/&gt;\r\n  &lt;w:LsdException Locked=&quot;false&quot; SemiHidden=&quot;true&quot; UnhideWhenUsed=&quot;true&quot;\r\n   Name=&quot;Message Header&quot;/&gt;\r\n  &lt;w:LsdException Locked=&quot;false&quot; Priority=&quot;11&quot; QFormat=&quot;true&quot; Name=&quot;Subtitle&quot;/&gt;\r\n  &lt;w:LsdException Locked=&quot;false&quot; SemiHidden=&quot;true&quot; UnhideWhenUsed=&quot;true&quot;\r\n   Name=&quot;Salutation&quot;/&gt;\r\n  &lt;w:LsdException Locked=&quot;false&quot; SemiHidden=&quot;true&quot; UnhideWhenUsed=&quot;true&quot;\r\n   Name=&quot;Date&quot;/&gt;\r\n  &lt;w:LsdException Locked=&quot;false&quot; SemiHidden=&quot;true&quot; UnhideWhenUsed=&quot;true&quot;\r\n   Name=&quot;Body Text First Indent&quot;/&gt;\r\n  &lt;w:LsdException Locked=&quot;false&quot; SemiHidden=&quot;true&quot; UnhideWhenUsed=&quot;true&quot;\r\n   Name=&quot;Body Text First Indent 2&quot;/&gt;\r\n  &lt;w:LsdException Locked=&quot;false&quot; SemiHidden=&quot;true&quot; UnhideWhenUsed=&quot;true&quot;\r\n   Name=&quot;Note Heading&quot;/&gt;\r\n  &lt;w:LsdException Locked=&quot;false&quot; SemiHidden=&quot;true&quot; UnhideWhenUsed=&quot;true&quot;\r\n   Name=&quot;Body Text 2&quot;/&gt;\r\n  &lt;w:LsdException Locked=&quot;false&quot; SemiHidden=&quot;true&quot; UnhideWhenUsed=&quot;true&quot;\r\n   Name=&quot;Body Text 3&quot;/&gt;\r\n  &lt;w:LsdException Locked=&quot;false&quot; SemiHidden=&quot;true&quot; UnhideWhenUsed=&quot;true&quot;\r\n   Name=&quot;Body Text Indent 2&quot;/&gt;\r\n  &lt;w:LsdException Locked=&quot;false&quot; SemiHidden=&quot;true&quot; UnhideWhenUsed=&quot;true&quot;\r\n   Name=&quot;Body Text Indent 3&quot;/&gt;\r\n  &lt;w:LsdException Locked=&quot;false&quot; SemiHidden=&quot;true&quot; UnhideWhenUsed=&quot;true&quot;\r\n   Name=&quot;Block Text&quot;/&gt;\r\n  &lt;w:LsdException Locked=&quot;false&quot; SemiHidden=&quot;true&quot; UnhideWhenUsed=&quot;true&quot;\r\n   Name=&quot;Hyperlink&quot;/&gt;\r\n  &lt;w:LsdException Locked=&quot;false&quot; SemiHidden=&quot;true&quot; UnhideWhenUsed=&quot;true&quot;\r\n   Name=&quot;FollowedHyperlink&quot;/&gt;\r\n  &lt;w:LsdException Locked=&quot;false&quot; Priority=&quot;22&quot; QFormat=&quot;true&quot; Name=&quot;Strong&quot;/&gt;\r\n  &lt;w:LsdException Locked=&quot;false&quot; Priority=&quot;20&quot; QFormat=&quot;true&quot; Name=&quot;Emphasis&quot;/&gt;\r\n  &lt;w:LsdException Locked=&quot;false&quot; SemiHidden=&quot;true&quot; UnhideWhenUsed=&quot;true&quot;\r\n   Name=&quot;Document Map&quot;/&gt;\r\n  &lt;w:LsdException Locked=&quot;false&quot; SemiHidden=&quot;true&quot; UnhideWhenUsed=&quot;true&quot;\r\n   Name=&quot;Plain Text&quot;/&gt;\r\n  &lt;w:LsdException Locked=&quot;false&quot; SemiHidden=&quot;true&quot; UnhideWhenUsed=&quot;true&quot;\r\n   Name=&quot;E-mail Signature&quot;/&gt;\r\n  &lt;w:LsdException Locked=&quot;false&quot; SemiHidden=&quot;true&quot; UnhideWhenUsed=&quot;true&quot;\r\n   Name=&quot;HTML Top of Form&quot;/&gt;\r\n  &lt;w:LsdException Locked=&quot;false&quot; SemiHidden=&quot;true&quot; UnhideWhenUsed=&quot;true&quot;\r\n   Name=&quot;HTML Bottom of Form&quot;/&gt;\r\n  &lt;w:LsdException Locked=&quot;false&quot; SemiHidden=&quot;true&quot; UnhideWhenUsed=&quot;true&quot;\r\n   Name=&quot;Normal (Web)&quot;/&gt;\r\n  &lt;w:LsdException Locked=&quot;false&quot; SemiHidden=&quot;true&quot; UnhideWhenUsed=&quot;true&quot;\r\n   Name=&quot;HTML Acronym&quot;/&gt;\r\n  &lt;w:LsdException Locked=&quot;false&quot; SemiHidden=&quot;true&quot; UnhideWhenUsed=&quot;true&quot;\r\n   Name=&quot;HTML Address&quot;/&gt;\r\n  &lt;w:LsdException Locked=&quot;false&quot; SemiHidden=&quot;true&quot; UnhideWhenUsed=&quot;true&quot;\r\n   Name=&quot;HTML Cite&quot;/&gt;\r\n  &lt;w:LsdException Locked=&quot;false&quot; SemiHidden=&quot;true&quot; UnhideWhenUsed=&quot;true&quot;\r\n   Name=&quot;HTML Code&quot;/&gt;\r\n  &lt;w:LsdException Locked=&quot;false&quot; SemiHidden=&quot;true&quot; UnhideWhenUsed=&quot;true&quot;\r\n   Name=&quot;HTML Definition&quot;/&gt;\r\n  &lt;w:LsdException Locked=&quot;false&quot; SemiHidden=&quot;true&quot; UnhideWhenUsed=&quot;true&quot;\r\n   Name=&quot;HTML Keyboard&quot;/&gt;\r\n  &lt;w:LsdException Locked=&quot;false&quot; SemiHidden=&quot;true&quot; UnhideWhenUsed=&quot;true&quot;\r\n   Name=&quot;HTML Preformatted&quot;/&gt;\r\n  &lt;w:LsdException Locked=&quot;false&quot; SemiHidden=&quot;true&quot; UnhideWhenUsed=&quot;true&quot;\r\n   Name=&quot;HTML Sample&quot;/&gt;\r\n  &lt;w:LsdException Locked=&quot;false&quot; SemiHidden=&quot;true&quot; UnhideWhenUsed=&quot;true&quot;\r\n   Name=&quot;HTML Typewriter&quot;/&gt;\r\n  &lt;w:LsdException Locked=&quot;false&quot; SemiHidden=&quot;true&quot; UnhideWhenUsed=&quot;true&quot;\r\n   Name=&quot;HTML Variable&quot;/&gt;\r\n  &lt;w:LsdException Locked=&quot;false&quot; SemiHidden=&quot;true&quot; UnhideWhenUsed=&quot;true&quot;\r\n   Name=&quot;Normal Table&quot;/&gt;\r\n  &lt;w:LsdException Locked=&quot;false&quot; SemiHidden=&quot;true&quot; UnhideWhenUsed=&quot;true&quot;\r\n   Name=&quot;annotation subject&quot;/&gt;\r\n  &lt;w:LsdException Locked=&quot;false&quot; SemiHidden=&quot;true&quot; UnhideWhenUsed=&quot;true&quot;\r\n   Name=&quot;No List&quot;/&gt;\r\n  &lt;w:LsdException Locked=&quot;false&quot; SemiHidden=&quot;true&quot; UnhideWhenUsed=&quot;true&quot;\r\n   Name=&quot;Outline List 1&quot;/&gt;\r\n  &lt;w:LsdException Locked=&quot;false&quot; SemiHidden=&quot;true&quot; UnhideWhenUsed=&quot;true&quot;\r\n   Name=&quot;Outline List 2&quot;/&gt;\r\n  &lt;w:LsdException Locked=&quot;false&quot; SemiHidden=&quot;true&quot; UnhideWhenUsed=&quot;true&quot;\r\n   Name=&quot;Outline List 3&quot;/&gt;\r\n  &lt;w:LsdException Locked=&quot;false&quot; SemiHidden=&quot;true&quot; UnhideWhenUsed=&quot;true&quot;\r\n   Name=&quot;Table Simple 1&quot;/&gt;\r\n  &lt;w:LsdException Locked=&quot;false&quot; SemiHidden=&quot;true&quot; UnhideWhenUsed=&quot;true&quot;\r\n   Name=&quot;Table Simple 2&quot;/&gt;\r\n  &lt;w:LsdException Locked=&quot;false&quot; SemiHidden=&quot;true&quot; UnhideWhenUsed=&quot;true&quot;\r\n   Name=&quot;Table Simple 3&quot;/&gt;\r\n  &lt;w:LsdException Locked=&quot;false&quot; SemiHidden=&quot;true&quot; UnhideWhenUsed=&quot;true&quot;\r\n   Name=&quot;Table Classic 1&quot;/&gt;\r\n  &lt;w:LsdException Locked=&quot;false&quot; SemiHidden=&quot;true&quot; UnhideWhenUsed=&quot;true&quot;\r\n   Name=&quot;Table Classic 2&quot;/&gt;\r\n  &lt;w:LsdException Locked=&quot;false&quot; SemiHidden=&quot;true&quot; UnhideWhenUsed=&quot;true&quot;\r\n   Name=&quot;Table Classic 3&quot;/&gt;\r\n  &lt;w:LsdException Locked=&quot;false&quot; SemiHidden=&quot;true&quot; UnhideWhenUsed=&quot;true&quot;\r\n   Name=&quot;Table Classic 4&quot;/&gt;\r\n  &lt;w:LsdException Locked=&quot;false&quot; SemiHidden=&quot;true&quot; UnhideWhenUsed=&quot;true&quot;\r\n   Name=&quot;Table Colorful 1&quot;/&gt;\r\n  &lt;w:LsdException Locked=&quot;false&quot; SemiHidden=&quot;true&quot; UnhideWhenUsed=&quot;true&quot;\r\n   Name=&quot;Table Colorful 2&quot;/&gt;\r\n  &lt;w:LsdException Locked=&quot;false&quot; SemiHidden=&quot;true&quot; UnhideWhenUsed=&quot;true&quot;\r\n   Name=&quot;Table Colorful 3&quot;/&gt;\r\n  &lt;w:LsdException Locked=&quot;false&quot; SemiHidden=&quot;true&quot; UnhideWhenUsed=&quot;true&quot;\r\n   Name=&quot;Table Columns 1&quot;/&gt;\r\n  &lt;w:LsdException Locked=&quot;false&quot; SemiHidden=&quot;true&quot; UnhideWhenUsed=&quot;true&quot;\r\n   Name=&quot;Table Columns 2&quot;/&gt;\r\n  &lt;w:LsdException Locked=&quot;false&quot; SemiHidden=&quot;true&quot; UnhideWhenUsed=&quot;true&quot;\r\n   Name=&quot;Table Columns 3&quot;/&gt;\r\n  &lt;w:LsdException Locked=&quot;false&quot; SemiHidden=&quot;true&quot; UnhideWhenUsed=&quot;true&quot;\r\n   Name=&quot;Table Columns 4&quot;/&gt;\r\n  &lt;w:LsdException Locked=&quot;false&quot; SemiHidden=&quot;true&quot; UnhideWhenUsed=&quot;true&quot;\r\n   Name=&quot;Table Columns 5&quot;/&gt;\r\n  &lt;w:LsdException Locked=&quot;false&quot; SemiHidden=&quot;true&quot; UnhideWhenUsed=&quot;true&quot;\r\n   Name=&quot;Table Grid 1&quot;/&gt;\r\n  &lt;w:LsdException Locked=&quot;false&quot; SemiHidden=&quot;true&quot; UnhideWhenUsed=&quot;true&quot;\r\n   Name=&quot;Table Grid 2&quot;/&gt;\r\n  &lt;w:LsdException Locked=&quot;false&quot; SemiHidden=&quot;true&quot; UnhideWhenUsed=&quot;true&quot;\r\n   Name=&quot;Table Grid 3&quot;/&gt;\r\n  &lt;w:LsdException Locked=&quot;false&quot; SemiHidden=&quot;true&quot; UnhideWhenUsed=&quot;true&quot;\r\n   Name=&quot;Table Grid 4&quot;/&gt;\r\n  &lt;w:LsdException Locked=&quot;false&quot; SemiHidden=&quot;true&quot; UnhideWhenUsed=&quot;true&quot;\r\n   Name=&quot;Table Grid 5&quot;/&gt;\r\n  &lt;w:LsdException Locked=&quot;false&quot; SemiHidden=&quot;true&quot; UnhideWhenUsed=&quot;true&quot;\r\n   Name=&quot;Table Grid 6&quot;/&gt;\r\n  &lt;w:LsdException Locked=&quot;false&quot; SemiHidden=&quot;true&quot; UnhideWhenUsed=&quot;true&quot;\r\n   Name=&quot;Table Grid 7&quot;/&gt;\r\n  &lt;w:LsdException Locked=&quot;false&quot; SemiHidden=&quot;true&quot; UnhideWhenUsed=&quot;true&quot;\r\n   Name=&quot;Table Grid 8&quot;/&gt;\r\n  &lt;w:LsdException Locked=&quot;false&quot; SemiHidden=&quot;true&quot; UnhideWhenUsed=&quot;true&quot;\r\n   Name=&quot;Table List 1&quot;/&gt;\r\n  &lt;w:LsdException Locked=&quot;false&quot; SemiHidden=&quot;true&quot; UnhideWhenUsed=&quot;true&quot;\r\n   Name=&quot;Table List 2&quot;/&gt;\r\n  &lt;w:LsdException Locked=&quot;false&quot; SemiHidden=&quot;true&quot; UnhideWhenUsed=&quot;true&quot;\r\n   Name=&quot;Table List 3&quot;/&gt;\r\n  &lt;w:LsdException Locked=&quot;false&quot; SemiHidden=&quot;true&quot; UnhideWhenUsed=&quot;true&quot;\r\n   Name=&quot;Table List 4&quot;/&gt;\r\n  &lt;w:LsdException Locked=&quot;false&quot; SemiHidden=&quot;true&quot; UnhideWhenUsed=&quot;true&quot;\r\n   Name=&quot;Table List 5&quot;/&gt;\r\n  &lt;w:LsdException Locked=&quot;false&quot; SemiHidden=&quot;true&quot; UnhideWhenUsed=&quot;true&quot;\r\n   Name=&quot;Table List 6&quot;/&gt;\r\n  &lt;w:LsdException Locked=&quot;false&quot; SemiHidden=&quot;true&quot; UnhideWhenUsed=&quot;true&quot;\r\n   Name=&quot;Table List 7&quot;/&gt;\r\n  &lt;w:LsdException Locked=&quot;false&quot; SemiHidden=&quot;true&quot; UnhideWhenUsed=&quot;true&quot;\r\n   Name=&quot;Table List 8&quot;/&gt;\r\n  &lt;w:LsdException Locked=&quot;false&quot; SemiHidden=&quot;true&quot; UnhideWhenUsed=&quot;true&quot;\r\n   Name=&quot;Table 3D effects 1&quot;/&gt;\r\n  &lt;w:LsdException Locked=&quot;false&quot; SemiHidden=&quot;true&quot; UnhideWhenUsed=&quot;true&quot;\r\n   Name=&quot;Table 3D effects 2&quot;/&gt;\r\n  &lt;w:LsdException Locked=&quot;false&quot; SemiHidden=&quot;true&quot; UnhideWhenUsed=&quot;true&quot;\r\n   Name=&quot;Table 3D effects 3&quot;/&gt;\r\n  &lt;w:LsdException Locked=&quot;false&quot; SemiHidden=&quot;true&quot; UnhideWhenUsed=&quot;true&quot;\r\n   Name=&quot;Table Contemporary&quot;/&gt;\r\n  &lt;w:LsdException Locked=&quot;false&quot; SemiHidden=&quot;true&quot; UnhideWhenUsed=&quot;true&quot;\r\n   Name=&quot;Table Elegant&quot;/&gt;\r\n  &lt;w:LsdException Locked=&quot;false&quot; SemiHidden=&quot;true&quot; UnhideWhenUsed=&quot;true&quot;\r\n   Name=&quot;Table Professional&quot;/&gt;\r\n  &lt;w:LsdException Locked=&quot;false&quot; SemiHidden=&quot;true&quot; UnhideWhenUsed=&quot;true&quot;\r\n   Name=&quot;Table Subtle 1&quot;/&gt;\r\n  &lt;w:LsdException Locked=&quot;false&quot; SemiHidden=&quot;true&quot; UnhideWhenUsed=&quot;true&quot;\r\n   Name=&quot;Table Subtle 2&quot;/&gt;\r\n  &lt;w:LsdException Locked=&quot;false&quot; SemiHidden=&quot;true&quot; UnhideWhenUsed=&quot;true&quot;\r\n   Name=&quot;Table Web 1&quot;/&gt;\r\n  &lt;w:LsdException Locked=&quot;false&quot; SemiHidden=&quot;true&quot; UnhideWhenUsed=&quot;true&quot;\r\n   Name=&quot;Table Web 2&quot;/&gt;\r\n  &lt;w:LsdException Locked=&quot;false&quot; SemiHidden=&quot;true&quot; UnhideWhenUsed=&quot;true&quot;\r\n   Name=&quot;Table Web 3&quot;/&gt;\r\n  &lt;w:LsdException Locked=&quot;false&quot; SemiHidden=&quot;true&quot; UnhideWhenUsed=&quot;true&quot;\r\n   Name=&quot;Balloon Text&quot;/&gt;\r\n  &lt;w:LsdException Locked=&quot;false&quot; Priority=&quot;39&quot; Name=&quot;Table Grid&quot;/&gt;\r\n  &lt;w:LsdException Locked=&quot;false&quot; SemiHidden=&quot;true&quot; UnhideWhenUsed=&quot;true&quot;\r\n   Name=&quot;Table Theme&quot;/&gt;\r\n  &lt;w:LsdException Locked=&quot;false&quot; SemiHidden=&quot;true&quot; Name=&quot;Placeholder Text&quot;/&gt;\r\n  &lt;w:LsdException Locked=&quot;false&quot; Priority=&quot;1&quot; QFormat=&quot;true&quot; Name=&quot;No Spacing&quot;/&gt;\r\n  &lt;w:LsdException Locked=&quot;false&quot; Priority=&quot;60&quot; Name=&quot;Light Shading&quot;/&gt;\r\n  &lt;w:LsdException Locked=&quot;false&quot; Priority=&quot;61&quot; Name=&quot;Light List&quot;/&gt;\r\n  &lt;w:LsdException Locked=&quot;false&quot; Priority=&quot;62&quot; Name=&quot;Light Grid&quot;/&gt;\r\n  &lt;w:LsdException Locked=&quot;false&quot; Priority=&quot;63&quot; Name=&quot;Medium Shading 1&quot;/&gt;\r\n  &lt;w:LsdException Locked=&quot;false&quot; Priority=&quot;64&quot; Name=&quot;Medium Shading 2&quot;/&gt;\r\n  &lt;w:LsdException Locked=&quot;false&quot; Priority=&quot;65&quot; Name=&quot;Medium List 1&quot;/&gt;\r\n  &lt;w:LsdException Locked=&quot;false&quot; Priority=&quot;66&quot; Name=&quot;Medium List 2&quot;/&gt;\r\n  &lt;w:LsdException Locked=&quot;false&quot; Priority=&quot;67&quot; Name=&quot;Medium Grid 1&quot;/&gt;\r\n  &lt;w:LsdException Locked=&quot;false&quot; Priority=&quot;68&quot; Name=&quot;Medium Grid 2&quot;/&gt;\r\n  &lt;w:LsdException Locked=&quot;false&quot; Priority=&quot;69&quot; Name=&quot;Medium Grid 3&quot;/&gt;\r\n  &lt;w:LsdException Locked=&quot;false&quot; Priority=&quot;70&quot; Name=&quot;Dark List&quot;/&gt;\r\n  &lt;w:LsdException Locked=&quot;false&quot; Priority=&quot;71&quot; Name=&quot;Colorful Shading&quot;/&gt;\r\n  &lt;w:LsdException Locked=&quot;false&quot; Priority=&quot;72&quot; Name=&quot;Colorful List&quot;/&gt;\r\n  &lt;w:LsdException Locked=&quot;false&quot; Priority=&quot;73&quot; Name=&quot;Colorful Grid&quot;/&gt;\r\n  &lt;w:LsdException Locked=&quot;false&quot; Priority=&quot;60&quot; Name=&quot;Light Shading Accent 1&quot;/&gt;\r\n  &lt;w:LsdException Locked=&quot;false&quot; Priority=&quot;61&quot; Name=&quot;Light List Accent 1&quot;/&gt;\r\n  &lt;w:LsdException Locked=&quot;false&quot; Priority=&quot;62&quot; Name=&quot;Light Grid Accent 1&quot;/&gt;\r\n  &lt;w:LsdException Locked=&quot;false&quot; Priority=&quot;63&quot; Name=&quot;Medium Shading 1 Accent 1&quot;/&gt;\r\n  &lt;w:LsdException Locked=&quot;false&quot; Priority=&quot;64&quot; Name=&quot;Medium Shading 2 Accent 1&quot;/&gt;\r\n  &lt;w:LsdException Locked=&quot;false&quot; Priority=&quot;65&quot; Name=&quot;Medium List 1 Accent 1&quot;/&gt;\r\n  &lt;w:LsdException Locked=&quot;false&quot; SemiHidden=&quot;true&quot; Name=&quot;Revision&quot;/&gt;\r\n  &lt;w:LsdException Locked=&quot;false&quot; Priority=&quot;34&quot; QFormat=&quot;true&quot;\r\n   Name=&quot;List Paragraph&quot;/&gt;\r\n  &lt;w:LsdException Locked=&quot;false&quot; Priority=&quot;29&quot; QFormat=&quot;true&quot; Name=&quot;Quote&quot;/&gt;\r\n  &lt;w:LsdException Locked=&quot;false&quot; Priority=&quot;30&quot; QFormat=&quot;true&quot;\r\n   Name=&quot;Intense Quote&quot;/&gt;\r\n  &lt;w:LsdException Locked=&quot;false&quot; Priority=&quot;66&quot; Name=&quot;Medium List 2 Accent 1&quot;/&gt;\r\n  &lt;w:LsdException Locked=&quot;false&quot; Priority=&quot;67&quot; Name=&quot;Medium Grid 1 Accent 1&quot;/&gt;\r\n  &lt;w:LsdException Locked=&quot;false&quot; Priority=&quot;68&quot; Name=&quot;Medium Grid 2 Accent 1&quot;/&gt;\r\n  &lt;w:LsdException Locked=&quot;false&quot; Priority=&quot;69&quot; Name=&quot;Medium Grid 3 Accent 1&quot;/&gt;\r\n  &lt;w:LsdException Locked=&quot;false&quot; Priority=&quot;70&quot; Name=&quot;Dark List Accent 1&quot;/&gt;\r\n  &lt;w:LsdException Locked=&quot;false&quot; Priority=&quot;71&quot; Name=&quot;Colorful Shading Accent 1&quot;/&gt;\r\n  &lt;w:LsdException Locked=&quot;false&quot; Priority=&quot;72&quot; Name=&quot;Colorful List Accent 1&quot;/&gt;\r\n  &lt;w:LsdException Locked=&quot;false&quot; Priority=&quot;73&quot; Name=&quot;Colorful Grid Accent 1&quot;/&gt;\r\n  &lt;w:LsdException Locked=&quot;false&quot; Priority=&quot;60&quot; Name=&quot;Light Shading Accent 2&quot;/&gt;\r\n  &lt;w:LsdException Locked=&quot;false&quot; Priority=&quot;61&quot; Name=&quot;Light List Accent 2&quot;/&gt;\r\n  &lt;w:LsdException Locked=&quot;false&quot; Priority=&quot;62&quot; Name=&quot;Light Grid Accent 2&quot;/&gt;\r\n  &lt;w:LsdException Locked=&quot;false&quot; Priority=&quot;63&quot; Name=&quot;Medium Shading 1 Accent 2&quot;/&gt;\r\n  &lt;w:LsdException Locked=&quot;false&quot; Priority=&quot;64&quot; Name=&quot;Medium Shading 2 Accent 2&quot;/&gt;\r\n  &lt;w:LsdException Locked=&quot;false&quot; Priority=&quot;65&quot; Name=&quot;Medium List 1 Accent 2&quot;/&gt;\r\n  &lt;w:LsdException Locked=&quot;false&quot; Priority=&quot;66&quot; Name=&quot;Medium List 2 Accent 2&quot;/&gt;\r\n  &lt;w:LsdException Locked=&quot;false&quot; Priority=&quot;67&quot; Name=&quot;Medium Grid 1 Accent 2&quot;/&gt;\r\n  &lt;w:LsdException Locked=&quot;false&quot; Priority=&quot;68&quot; Name=&quot;Medium Grid 2 Accent 2&quot;/&gt;\r\n  &lt;w:LsdException Locked=&quot;false&quot; Priority=&quot;69&quot; Name=&quot;Medium Grid 3 Accent 2&quot;/&gt;\r\n  &lt;w:LsdException Locked=&quot;false&quot; Priority=&quot;70&quot; Name=&quot;Dark List Accent 2&quot;/&gt;\r\n  &lt;w:LsdException Locked=&quot;false&quot; Priority=&quot;71&quot; Name=&quot;Colorful Shading Accent 2&quot;/&gt;\r\n  &lt;w:LsdException Locked=&quot;false&quot; Priority=&quot;72&quot; Name=&quot;Colorful List Accent 2&quot;/&gt;\r\n  &lt;w:LsdException Locked=&quot;false&quot; Priority=&quot;73&quot; Name=&quot;Colorful Grid Accent 2&quot;/&gt;\r\n  &lt;w:LsdException Locked=&quot;false&quot; Priority=&quot;60&quot; Name=&quot;Light Shading Accent 3&quot;/&gt;\r\n  &lt;w:LsdException Locked=&quot;false&quot; Priority=&quot;61&quot; Name=&quot;Light List Accent 3&quot;/&gt;\r\n  &lt;w:LsdException Locked=&quot;false&quot; Priority=&quot;62&quot; Name=&quot;Light Grid Accent 3&quot;/&gt;\r\n  &lt;w:LsdException Locked=&quot;false&quot; Priority=&quot;63&quot; Name=&quot;Medium Shading 1 Accent 3&quot;/&gt;\r\n  &lt;w:LsdException Locked=&quot;false&quot; Priority=&quot;64&quot; Name=&quot;Medium Shading 2 Accent 3&quot;/&gt;\r\n  &lt;w:LsdException Locked=&quot;false&quot; Priority=&quot;65&quot; Name=&quot;Medium List 1 Accent 3&quot;/&gt;\r\n  &lt;w:LsdException Locked=&quot;false&quot; Priority=&quot;66&quot; Name=&quot;Medium List 2 Accent 3&quot;/&gt;\r\n  &lt;w:LsdException Locked=&quot;false&quot; Priority=&quot;67&quot; Name=&quot;Medium Grid 1 Accent 3&quot;/&gt;\r\n  &lt;w:LsdException Locked=&quot;false&quot; Priority=&quot;68&quot; Name=&quot;Medium Grid 2 Accent 3&quot;/&gt;\r\n  &lt;w:LsdException Locked=&quot;false&quot; Priority=&quot;69&quot; Name=&quot;Medium Grid 3 Accent 3&quot;/&gt;\r\n  &lt;w:LsdException Locked=&quot;false&quot; Priority=&quot;70&quot; Name=&quot;Dark List Accent 3&quot;/&gt;\r\n  &lt;w:LsdException Locked=&quot;false&quot; Priority=&quot;71&quot; Name=&quot;Colorful Shading Accent 3&quot;/&gt;\r\n  &lt;w:LsdException Locked=&quot;false&quot; Priority=&quot;72&quot; Name=&quot;Colorful List Accent 3&quot;/&gt;\r\n  &lt;w:LsdException Locked=&quot;false&quot; Priority=&quot;73&quot; Name=&quot;Colorful Grid Accent 3&quot;/&gt;\r\n  &lt;w:LsdException Locked=&quot;false&quot; Priority=&quot;60&quot; Name=&quot;Light Shading Accent 4&quot;/&gt;\r\n  &lt;w:LsdException Locked=&quot;false&quot; Priority=&quot;61&quot; Name=&quot;Light List Accent 4&quot;/&gt;\r\n  &lt;w:LsdException Locked=&quot;false&quot; Priority=&quot;62&quot; Name=&quot;Light Grid Accent 4&quot;/&gt;\r\n  &lt;w:LsdException Locked=&quot;false&quot; Priority=&quot;63&quot; Name=&quot;Medium Shading 1 Accent 4&quot;/&gt;\r\n  &lt;w:LsdException Locked=&quot;false&quot; Priority=&quot;64&quot; Name=&quot;Medium Shading 2 Accent 4&quot;/&gt;\r\n  &lt;w:LsdException Locked=&quot;false&quot; Priority=&quot;65&quot; Name=&quot;Medium List 1 Accent 4&quot;/&gt;\r\n  &lt;w:LsdException Locked=&quot;false&quot; Priority=&quot;66&quot; Name=&quot;Medium List 2 Accent 4&quot;/&gt;\r\n  &lt;w:LsdException Locked=&quot;false&quot; Priority=&quot;67&quot; Name=&quot;Medium Grid 1 Accent 4&quot;/&gt;\r\n  &lt;w:LsdException Locked=&quot;false&quot; Priority=&quot;68&quot; Name=&quot;Medium Grid 2 Accent 4&quot;/&gt;\r\n  &lt;w:LsdException Locked=&quot;false&quot; Priority=&quot;69&quot; Name=&quot;Medium Grid 3 Accent 4&quot;/&gt;\r\n  &lt;w:LsdException Locked=&quot;false&quot; Priority=&quot;70&quot; Name=&quot;Dark List Accent 4&quot;/&gt;\r\n  &lt;w:LsdException Locked=&quot;false&quot; Priority=&quot;71&quot; Name=&quot;Colorful Shading Accent 4&quot;/&gt;\r\n  &lt;w:LsdException Locked=&quot;false&quot; Priority=&quot;72&quot; Name=&quot;Colorful List Accent 4&quot;/&gt;\r\n  &lt;w:LsdException Locked=&quot;false&quot; Priority=&quot;73&quot; Name=&quot;Colorful Grid Accent 4&quot;/&gt;\r\n  &lt;w:LsdException Locked=&quot;false&quot; Priority=&quot;60&quot; Name=&quot;Light Shading Accent 5&quot;/&gt;\r\n  &lt;w:LsdException Locked=&quot;false&quot; Priority=&quot;61&quot; Name=&quot;Light List Accent 5&quot;/&gt;\r\n  &lt;w:LsdException Locked=&quot;false&quot; Priority=&quot;62&quot; Name=&quot;Light Grid Accent 5&quot;/&gt;\r\n  &lt;w:LsdException Locked=&quot;false&quot; Priority=&quot;63&quot; Name=&quot;Medium Shading 1 Accent 5&quot;/&gt;\r\n  &lt;w:LsdException Locked=&quot;false&quot; Priority=&quot;64&quot; Name=&quot;Medium Shading 2 Accent 5&quot;/&gt;\r\n  &lt;w:LsdException Locked=&quot;false&quot; Priority=&quot;65&quot; Name=&quot;Medium List 1 Accent 5&quot;/&gt;\r\n  &lt;w:LsdException Locked=&quot;false&quot; Priority=&quot;66&quot; Name=&quot;Medium List 2 Accent 5&quot;/&gt;\r\n  &lt;w:LsdException Locked=&quot;false&quot; Priority=&quot;67&quot; Name=&quot;Medium Grid 1 Accent 5&quot;/&gt;\r\n  &lt;w:LsdException Locked=&quot;false&quot; Priority=&quot;68&quot; Name=&quot;Medium Grid 2 Accent 5&quot;/&gt;\r\n  &lt;w:LsdException Locked=&quot;false&quot; Priority=&quot;69&quot; Name=&quot;Medium Grid 3 Accent 5&quot;/&gt;\r\n  &lt;w:LsdException Locked=&quot;false&quot; Priority=&quot;70&quot; Name=&quot;Dark List Accent 5&quot;/&gt;\r\n  &lt;w:LsdException Locked=&quot;false&quot; Priority=&quot;71&quot; Name=&quot;Colorful Shading Accent 5&quot;/&gt;\r\n  &lt;w:LsdException Locked=&quot;false&quot; Priority=&quot;72&quot; Name=&quot;Colorful List Accent 5&quot;/&gt;\r\n  &lt;w:LsdException Locked=&quot;false&quot; Priority=&quot;73&quot; Name=&quot;Colorful Grid Accent 5&quot;/&gt;\r\n  &lt;w:LsdException Locked=&quot;false&quot; Priority=&quot;60&quot; Name=&quot;Light Shading Accent 6&quot;/&gt;\r\n  &lt;w:LsdException Locked=&quot;false&quot; Priority=&quot;61&quot; Name=&quot;Light List Accent 6&quot;/&gt;\r\n  &lt;w:LsdException Locked=&quot;false&quot; Priority=&quot;62&quot; Name=&quot;Light Grid Accent 6&quot;/&gt;\r\n  &lt;w:LsdException Locked=&quot;false&quot; Priority=&quot;63&quot; Name=&quot;Medium Shading 1 Accent 6&quot;/&gt;\r\n  &lt;w:LsdException Locked=&quot;false&quot; Priority=&quot;64&quot; Name=&quot;Medium Shading 2 Accent 6&quot;/&gt;\r\n  &lt;w:LsdException Locked=&quot;false&quot; Priority=&quot;65&quot; Name=&quot;Medium List 1 Accent 6&quot;/&gt;\r\n  &lt;w:LsdException Locked=&quot;false&quot; Priority=&quot;66&quot; Name=&quot;Medium List 2 Accent 6&quot;/&gt;\r\n  &lt;w:LsdException Locked=&quot;false&quot; Priority=&quot;67&quot; Name=&quot;Medium Grid 1 Accent 6&quot;/&gt;\r\n  &lt;w:LsdException Locked=&quot;false&quot; Priority=&quot;68&quot; Name=&quot;Medium Grid 2 Accent 6&quot;/&gt;\r\n  &lt;w:LsdException Locked=&quot;false&quot; Priority=&quot;69&quot; Name=&quot;Medium Grid 3 Accent 6&quot;/&gt;\r\n  &lt;w:LsdException Locked=&quot;false&quot; Priority=&quot;70&quot; Name=&quot;Dark List Accent 6&quot;/&gt;\r\n  &lt;w:LsdException Locked=&quot;false&quot; Priority=&quot;71&quot; Name=&quot;Colorful Shading Accent 6&quot;/&gt;\r\n  &lt;w:LsdException Locked=&quot;false&quot; Priority=&quot;72&quot; Name=&quot;Colorful List Accent 6&quot;/&gt;\r\n  &lt;w:LsdException Locked=&quot;false&quot; Priority=&quot;73&quot; Name=&quot;Colorful Grid Accent 6&quot;/&gt;\r\n  &lt;w:LsdException Locked=&quot;false&quot; Priority=&quot;19&quot; QFormat=&quot;true&quot;\r\n   Name=&quot;Subtle Emphasis&quot;/&gt;\r\n  &lt;w:LsdException Locked=&quot;false&quot; Priority=&quot;21&quot; QFormat=&quot;true&quot;\r\n   Name=&quot;Intense Emphasis&quot;/&gt;\r\n  &lt;w:LsdException Locked=&quot;false&quot; Priority=&quot;31&quot; QFormat=&quot;true&quot;\r\n   Name=&quot;Subtle Reference&quot;/&gt;\r\n  &lt;w:LsdException Locked=&quot;false&quot; Priority=&quot;32&quot; QFormat=&quot;true&quot;\r\n   Name=&quot;Intense Reference&quot;/&gt;\r\n  &lt;w:LsdException Locked=&quot;false&quot; Priority=&quot;33&quot; QFormat=&quot;true&quot; Name=&quot;Book Title&quot;/&gt;\r\n  &lt;w:LsdException Locked=&quot;false&quot; Priority=&quot;37&quot; SemiHidden=&quot;true&quot;\r\n   UnhideWhenUsed=&quot;true&quot; Name=&quot;Bibliography&quot;/&gt;\r\n  &lt;w:LsdException Locked=&quot;false&quot; Priority=&quot;39&quot; SemiHidden=&quot;true&quot;\r\n   UnhideWhenUsed=&quot;true&quot; QFormat=&quot;true&quot; Name=&quot;TOC Heading&quot;/&gt;\r\n  &lt;w:LsdException Locked=&quot;false&quot; Priority=&quot;41&quot; Name=&quot;Plain Table 1&quot;/&gt;\r\n  &lt;w:LsdException Locked=&quot;false&quot; Priority=&quot;42&quot; Name=&quot;Plain Table 2&quot;/&gt;\r\n  &lt;w:LsdException Locked=&quot;false&quot; Priority=&quot;43&quot; Name=&quot;Plain Table 3&quot;/&gt;\r\n  &lt;w:LsdException Locked=&quot;false&quot; Priority=&quot;44&quot; Name=&quot;Plain Table 4&quot;/&gt;\r\n  &lt;w:LsdException Locked=&quot;false&quot; Priority=&quot;45&quot; Name=&quot;Plain Table 5&quot;/&gt;\r\n  &lt;w:LsdException Locked=&quot;false&quot; Priority=&quot;40&quot; Name=&quot;Grid Table Light&quot;/&gt;\r\n  &lt;w:LsdException Locked=&quot;false&quot; Priority=&quot;46&quot; Name=&quot;Grid Table 1 Light&quot;/&gt;\r\n  &lt;w:LsdException Locked=&quot;false&quot; Priority=&quot;47&quot; Name=&quot;Grid Table 2&quot;/&gt;\r\n  &lt;w:LsdException Locked=&quot;false&quot; Priority=&quot;48&quot; Name=&quot;Grid Table 3&quot;/&gt;\r\n  &lt;w:LsdException Locked=&quot;false&quot; Priority=&quot;49&quot; Name=&quot;Grid Table 4&quot;/&gt;\r\n  &lt;w:LsdException Locked=&quot;false&quot; Priority=&quot;50&quot; Name=&quot;Grid Table 5 Dark&quot;/&gt;\r\n  &lt;w:LsdException Locked=&quot;false&quot; Priority=&quot;51&quot; Name=&quot;Grid Table 6 Colorful&quot;/&gt;\r\n  &lt;w:LsdException Locked=&quot;false&quot; Priority=&quot;52&quot; Name=&quot;Grid Table 7 Colorful&quot;/&gt;\r\n  &lt;w:LsdException Locked=&quot;false&quot; Priority=&quot;46&quot;\r\n   Name=&quot;Grid Table 1 Light Accent 1&quot;/&gt;\r\n  &lt;w:LsdException Locked=&quot;false&quot; Priority=&quot;47&quot; Name=&quot;Grid Table 2 Accent 1&quot;/&gt;\r\n  &lt;w:LsdException Locked=&quot;false&quot; Priority=&quot;48&quot; Name=&quot;Grid Table 3 Accent 1&quot;/&gt;\r\n  &lt;w:LsdException Locked=&quot;false&quot; Priority=&quot;49&quot; Name=&quot;Grid Table 4 Accent 1&quot;/&gt;\r\n  &lt;w:LsdException Locked=&quot;false&quot; Priority=&quot;50&quot; Name=&quot;Grid Table 5 Dark Accent 1&quot;/&gt;\r\n  &lt;w:LsdException Locked=&quot;false&quot; Priority=&quot;51&quot;\r\n   Name=&quot;Grid Table 6 Colorful Accent 1&quot;/&gt;\r\n  &lt;w:LsdException Locked=&quot;false&quot; Priority=&quot;52&quot;\r\n   Name=&quot;Grid Table 7 Colorful Accent 1&quot;/&gt;\r\n  &lt;w:LsdException Locked=&quot;false&quot; Priority=&quot;46&quot;\r\n   Name=&quot;Grid Table 1 Light Accent 2&quot;/&gt;\r\n  &lt;w:LsdException Locked=&quot;false&quot; Priority=&quot;47&quot; Name=&quot;Grid Table 2 Accent 2&quot;/&gt;\r\n  &lt;w:LsdException Locked=&quot;false&quot; Priority=&quot;48&quot; Name=&quot;Grid Table 3 Accent 2&quot;/&gt;\r\n  &lt;w:LsdException Locked=&quot;false&quot; Priority=&quot;49&quot; Name=&quot;Grid Table 4 Accent 2&quot;/&gt;\r\n  &lt;w:LsdException Locked=&quot;false&quot; Priority=&quot;50&quot; Name=&quot;Grid Table 5 Dark Accent 2&quot;/&gt;\r\n  &lt;w:LsdException Locked=&quot;false&quot; Priority=&quot;51&quot;\r\n   Name=&quot;Grid Table 6 Colorful Accent 2&quot;/&gt;\r\n  &lt;w:LsdException Locked=&quot;false&quot; Priority=&quot;52&quot;\r\n   Name=&quot;Grid Table 7 Colorful Accent 2&quot;/&gt;\r\n  &lt;w:LsdException Locked=&quot;false&quot; Priority=&quot;46&quot;\r\n   Name=&quot;Grid Table 1 Light Accent 3&quot;/&gt;\r\n  &lt;w:LsdException Locked=&quot;false&quot; Priority=&quot;47&quot; Name=&quot;Grid Table 2 Accent 3&quot;/&gt;\r\n  &lt;w:LsdException Locked=&quot;false&quot; Priority=&quot;48&quot; Name=&quot;Grid Table 3 Accent 3&quot;/&gt;\r\n  &lt;w:LsdException Locked=&quot;false&quot; Priority=&quot;49&quot; Name=&quot;Grid Table 4 Accent 3&quot;/&gt;\r\n  &lt;w:LsdException Locked=&quot;false&quot; Priority=&quot;50&quot; Name=&quot;Grid Table 5 Dark Accent 3&quot;/&gt;\r\n  &lt;w:LsdException Locked=&quot;false&quot; Priority=&quot;51&quot;\r\n   Name=&quot;Grid Table 6 Colorful Accent 3&quot;/&gt;\r\n  &lt;w:LsdException Locked=&quot;false&quot; Priority=&quot;52&quot;\r\n   Name=&quot;Grid Table 7 Colorful Accent 3&quot;/&gt;\r\n  &lt;w:LsdException Locked=&quot;false&quot; Priority=&quot;46&quot;\r\n   Name=&quot;Grid Table 1 Light Accent 4&quot;/&gt;\r\n  &lt;w:LsdException Locked=&quot;false&quot; Priority=&quot;47&quot; Name=&quot;Grid Table 2 Accent 4&quot;/&gt;\r\n  &lt;w:LsdException Locked=&quot;false&quot; Priority=&quot;48&quot; Name=&quot;Grid Table 3 Accent 4&quot;/&gt;\r\n  &lt;w:LsdException Locked=&quot;false&quot; Priority=&quot;49&quot; Name=&quot;Grid Table 4 Accent 4&quot;/&gt;\r\n  &lt;w:LsdException Locked=&quot;false&quot; Priority=&quot;50&quot; Name=&quot;Grid Table 5 Dark Accent 4&quot;/&gt;\r\n  &lt;w:LsdException Locked=&quot;false&quot; Priority=&quot;51&quot;\r\n   Name=&quot;Grid Table 6 Colorful Accent 4&quot;/&gt;\r\n  &lt;w:LsdException Locked=&quot;false&quot; Priority=&quot;52&quot;\r\n   Name=&quot;Grid Table 7 Colorful Accent 4&quot;/&gt;\r\n  &lt;w:LsdException Locked=&quot;false&quot; Priority=&quot;46&quot;\r\n   Name=&quot;Grid Table 1 Light Accent 5&quot;/&gt;\r\n  &lt;w:LsdException Locked=&quot;false&quot; Priority=&quot;47&quot; Name=&quot;Grid Table 2 Accent 5&quot;/&gt;\r\n  &lt;w:LsdException Locked=&quot;false&quot; Priority=&quot;48&quot; Name=&quot;Grid Table 3 Accent 5&quot;/&gt;\r\n  &lt;w:LsdException Locked=&quot;false&quot; Priority=&quot;49&quot; Name=&quot;Grid Table 4 Accent 5&quot;/&gt;\r\n  &lt;w:LsdException Locked=&quot;false&quot; Priority=&quot;50&quot; Name=&quot;Grid Table 5 Dark Accent 5&quot;/&gt;\r\n  &lt;w:LsdException Locked=&quot;false&quot; Priority=&quot;51&quot;\r\n   Name=&quot;Grid Table 6 Colorful Accent 5&quot;/&gt;\r\n  &lt;w:LsdException Locked=&quot;false&quot; Priority=&quot;52&quot;\r\n   Name=&quot;Grid Table 7 Colorful Accent 5&quot;/&gt;\r\n  &lt;w:LsdException Locked=&quot;false&quot; Priority=&quot;46&quot;\r\n   Name=&quot;Grid Table 1 Light Accent 6&quot;/&gt;\r\n  &lt;w:LsdException Locked=&quot;false&quot; Priority=&quot;47&quot; Name=&quot;Grid Table 2 Accent 6&quot;/&gt;\r\n  &lt;w:LsdException Locked=&quot;false&quot; Priority=&quot;48&quot; Name=&quot;Grid Table 3 Accent 6&quot;/&gt;\r\n  &lt;w:LsdException Locked=&quot;false&quot; Priority=&quot;49&quot; Name=&quot;Grid Table 4 Accent 6&quot;/&gt;\r\n  &lt;w:LsdException Locked=&quot;false&quot; Priority=&quot;50&quot; Name=&quot;Grid Table 5 Dark Accent 6&quot;/&gt;\r\n  &lt;w:LsdException Locked=&quot;false&quot; Priority=&quot;51&quot;\r\n   Name=&quot;Grid Table 6 Colorful Accent 6&quot;/&gt;\r\n  &lt;w:LsdException Locked=&quot;false&quot; Priority=&quot;52&quot;\r\n   Name=&quot;Grid Table 7 Colorful Accent 6&quot;/&gt;\r\n  &lt;w:LsdException Locked=&quot;false&quot; Priority=&quot;46&quot; Name=&quot;List Table 1 Light&quot;/&gt;\r\n  &lt;w:LsdException Locked=&quot;false&quot; Priority=&quot;47&quot; Name=&quot;List Table 2&quot;/&gt;\r\n  &lt;w:LsdException Locked=&quot;false&quot; Priority=&quot;48&quot; Name=&quot;List Table 3&quot;/&gt;\r\n  &lt;w:LsdException Locked=&quot;false&quot; Priority=&quot;49&quot; Name=&quot;List Table 4&quot;/&gt;\r\n  &lt;w:LsdException Locked=&quot;false&quot; Priority=&quot;50&quot; Name=&quot;List Table 5 Dark&quot;/&gt;\r\n  &lt;w:LsdException Locked=&quot;false&quot; Priority=&quot;51&quot; Name=&quot;List Table 6 Colorful&quot;/&gt;\r\n  &lt;w:LsdException Locked=&quot;false&quot; Priority=&quot;52&quot; Name=&quot;List Table 7 Colorful&quot;/&gt;\r\n  &lt;w:LsdException Locked=&quot;false&quot; Priority=&quot;46&quot;\r\n   Name=&quot;List Table 1 Light Accent 1&quot;/&gt;\r\n  &lt;w:LsdException Locked=&quot;false&quot; Priority=&quot;47&quot; Name=&quot;List Table 2 Accent 1&quot;/&gt;\r\n  &lt;w:LsdException Locked=&quot;false&quot; Priority=&quot;48&quot; Name=&quot;List Table 3 Accent 1&quot;/&gt;\r\n  &lt;w:LsdException Locked=&quot;false&quot; Priority=&quot;49&quot; Name=&quot;List Table 4 Accent 1&quot;/&gt;\r\n  &lt;w:LsdException Locked=&quot;false&quot; Priority=&quot;50&quot; Name=&quot;List Table 5 Dark Accent 1&quot;/&gt;\r\n  &lt;w:LsdException Locked=&quot;false&quot; Priority=&quot;51&quot;\r\n   Name=&quot;List Table 6 Colorful Accent 1&quot;/&gt;\r\n  &lt;w:LsdException Locked=&quot;false&quot; Priority=&quot;52&quot;\r\n   Name=&quot;List Table 7 Colorful Accent 1&quot;/&gt;\r\n  &lt;w:LsdException Locked=&quot;false&quot; Priority=&quot;46&quot;\r\n   Name=&quot;List Table 1 Light Accent 2&quot;/&gt;\r\n  &lt;w:LsdException Locked=&quot;false&quot; Priority=&quot;47&quot; Name=&quot;List Table 2 Accent 2&quot;/&gt;\r\n  &lt;w:LsdException Locked=&quot;false&quot; Priority=&quot;48&quot; Name=&quot;List Table 3 Accent 2&quot;/&gt;\r\n  &lt;w:LsdException Locked=&quot;false&quot; Priority=&quot;49&quot; Name=&quot;List Table 4 Accent 2&quot;/&gt;\r\n  &lt;w:LsdException Locked=&quot;false&quot; Priority=&quot;50&quot; Name=&quot;List Table 5 Dark Accent 2&quot;/&gt;\r\n  &lt;w:LsdException Locked=&quot;false&quot; Priority=&quot;51&quot;\r\n   Name=&quot;List Table 6 Colorful Accent 2&quot;/&gt;\r\n  &lt;w:LsdException Locked=&quot;false&quot; Priority=&quot;52&quot;\r\n   Name=&quot;List Table 7 Colorful Accent 2&quot;/&gt;\r\n  &lt;w:LsdException Locked=&quot;false&quot; Priority=&quot;46&quot;\r\n   Name=&quot;List Table 1 Light Accent 3&quot;/&gt;\r\n  &lt;w:LsdException Locked=&quot;false&quot; Priority=&quot;47&quot; Name=&quot;List Table 2 Accent 3&quot;/&gt;\r\n  &lt;w:LsdException Locked=&quot;false&quot; Priority=&quot;48&quot; Name=&quot;List Table 3 Accent 3&quot;/&gt;\r\n  &lt;w:LsdException Locked=&quot;false&quot; Priority=&quot;49&quot; Name=&quot;List Table 4 Accent 3&quot;/&gt;\r\n  &lt;w:LsdException Locked=&quot;false&quot; Priority=&quot;50&quot; Name=&quot;List Table 5 Dark Accent 3&quot;/&gt;\r\n  &lt;w:LsdException Locked=&quot;false&quot; Priority=&quot;51&quot;\r\n   Name=&quot;List Table 6 Colorful Accent 3&quot;/&gt;\r\n  &lt;w:LsdException Locked=&quot;false&quot; Priority=&quot;52&quot;\r\n   Name=&quot;List Table 7 Colorful Accent 3&quot;/&gt;\r\n  &lt;w:LsdException Locked=&quot;false&quot; Priority=&quot;46&quot;\r\n   Name=&quot;List Table 1 Light Accent 4&quot;/&gt;\r\n  &lt;w:LsdException Locked=&quot;false&quot; Priority=&quot;47&quot; Name=&quot;List Table 2 Accent 4&quot;/&gt;\r\n  &lt;w:LsdException Locked=&quot;false&quot; Priority=&quot;48&quot; Name=&quot;List Table 3 Accent 4&quot;/&gt;\r\n  &lt;w:LsdException Locked=&quot;false&quot; Priority=&quot;49&quot; Name=&quot;List Table 4 Accent 4&quot;/&gt;\r\n  &lt;w:LsdException Locked=&quot;false&quot; Priority=&quot;50&quot; Name=&quot;List Table 5 Dark Accent 4&quot;/&gt;\r\n  &lt;w:LsdException Locked=&quot;false&quot; Priority=&quot;51&quot;\r\n   Name=&quot;List Table 6 Colorful Accent 4&quot;/&gt;\r\n  &lt;w:LsdException Locked=&quot;false&quot; Priority=&quot;52&quot;\r\n   Name=&quot;List Table 7 Colorful Accent 4&quot;/&gt;\r\n  &lt;w:LsdException Locked=&quot;false&quot; Priority=&quot;46&quot;\r\n   Name=&quot;List Table 1 Light Accent 5&quot;/&gt;\r\n  &lt;w:LsdException Locked=&quot;false&quot; Priority=&quot;47&quot; Name=&quot;List Table 2 Accent 5&quot;/&gt;\r\n  &lt;w:LsdException Locked=&quot;false&quot; Priority=&quot;48&quot; Name=&quot;List Table 3 Accent 5&quot;/&gt;\r\n  &lt;w:LsdException Locked=&quot;false&quot; Priority=&quot;49&quot; Name=&quot;List Table 4 Accent 5&quot;/&gt;\r\n  &lt;w:LsdException Locked=&quot;false&quot; Priority=&quot;50&quot; Name=&quot;List Table 5 Dark Accent 5&quot;/&gt;\r\n  &lt;w:LsdException Locked=&quot;false&quot; Priority=&quot;51&quot;\r\n   Name=&quot;List Table 6 Colorful Accent 5&quot;/&gt;\r\n  &lt;w:LsdException Locked=&quot;false&quot; Priority=&quot;52&quot;\r\n   Name=&quot;List Table 7 Colorful Accent 5&quot;/&gt;\r\n  &lt;w:LsdException Locked=&quot;false&quot; Priority=&quot;46&quot;\r\n   Name=&quot;List Table 1 Light Accent 6&quot;/&gt;\r\n  &lt;w:LsdException Locked=&quot;false&quot; Priority=&quot;47&quot; Name=&quot;List Table 2 Accent 6&quot;/&gt;\r\n  &lt;w:LsdException Locked=&quot;false&quot; Priority=&quot;48&quot; Name=&quot;List Table 3 Accent 6&quot;/&gt;\r\n  &lt;w:LsdException Locked=&quot;false&quot; Priority=&quot;49&quot; Name=&quot;List Table 4 Accent 6&quot;/&gt;\r\n  &lt;w:LsdException Locked=&quot;false&quot; Priority=&quot;50&quot; Name=&quot;List Table 5 Dark Accent 6&quot;/&gt;\r\n  &lt;w:LsdException Locked=&quot;false&quot; Priority=&quot;51&quot;\r\n   Name=&quot;List Table 6 Colorful Accent 6&quot;/&gt;\r\n  &lt;w:LsdException Locked=&quot;false&quot; Priority=&quot;52&quot;\r\n   Name=&quot;List Table 7 Colorful Accent 6&quot;/&gt;\r\n  &lt;w:LsdException Locked=&quot;false&quot; SemiHidden=&quot;true&quot; UnhideWhenUsed=&quot;true&quot;\r\n   Name=&quot;Mention&quot;/&gt;\r\n &lt;/w:LatentStyles&gt;\r\n&lt;/xml&gt;&lt;![endif]--&gt;&lt;!-- [if gte mso 10]&gt;\r\n&lt;style&gt;\r\n /* Style Definitions */\r\n table.MsoNormalTable\r\n	{mso-style-name:&quot;Table Normal&quot;;\r\n	mso-tstyle-rowband-size:0;\r\n	mso-tstyle-colband-size:0;\r\n	mso-style-noshow:yes;\r\n	mso-style-priority:99;\r\n	mso-style-parent:&quot;&quot;;\r\n	mso-padding-alt:0cm 5.4pt 0cm 5.4pt;\r\n	mso-para-margin-top:0cm;\r\n	mso-para-margin-right:0cm;\r\n	mso-para-margin-bottom:8.0pt;\r\n	mso-para-margin-left:0cm;\r\n	line-height:107%;\r\n	mso-pagination:widow-orphan;\r\n	font-size:11.0pt;\r\n	font-family:&quot;Calibri&quot;,sans-serif;\r\n	mso-ascii-font-family:Calibri;\r\n	mso-ascii-theme-font:minor-latin;\r\n	mso-hansi-font-family:Calibri;\r\n	mso-hansi-theme-font:minor-latin;\r\n	mso-fareast-language:EN-US;}\r\n&lt;/style&gt;\r\n&lt;![endif]--&gt;', '&lt;p&gt;&lt;span style=&quot;font-size: 10pt; font-family: times new roman,times;&quot;&gt;angka pertama lebih besar dari angka kedua, jika angka_pertama = 4 , angka_kedua = 6 , dan operator yang digunakan dalam proses if adalah &amp;gt;&lt;/span&gt;&lt;/p&gt;', '&lt;p&gt;&lt;span style=&quot;line-height: 107%; font-family: times new roman,times; font-size: 10pt;&quot;&gt;angka pertama lebih besar dari angka kedua, jika angka_pertama = 6 , angka_kedua = 4 , dan operator yang digunakan dalam proses if adalah ==&lt;/span&gt;&lt;/p&gt;', '&lt;p&gt;&lt;span style=&quot;font-size: 10pt; line-height: 107%; font-family: times new roman,times;&quot;&gt;angka kedua lebih besar dari angka pertama, jika angka_pertama = 4 , angka_kedua = 6 , dan operator yang digunakan dalam proses if adalah &amp;lt;&lt;/span&gt;&lt;/p&gt;', '&lt;p&gt;&lt;span style=&quot;font-size: 10.0pt; mso-bidi-font-size: 11.0pt; line-height: 107%; font-family: ''Times New Roman'',serif;&quot;&gt;angka kedua lebih besar dari angka pertama, jika angka_pertama = 4 , angka_kedua = 6 , dan operator yang digunakan dalam proses if adalah &amp;lt;=&lt;/span&gt;&lt;/p&gt;', '&lt;p&gt;&lt;span style=&quot;font-size: 10.0pt; mso-bidi-font-size: 11.0pt; line-height: 107%; font-family: ''Times New Roman'',serif;&quot;&gt;error untuk berapapun nilai angka_pertama dan angka_kedua dan apapun operator yang digunakan&lt;/span&gt;&lt;/p&gt;', 'E', 1);
INSERT INTO `t_soal` (`id_soal`, `soal`, `jawaban_a`, `jawaban_b`, `jawaban_c`, `jawaban_d`, `jawaban_e`, `kunci_jawaban`, `id_matpel_tingkat_kelas`) VALUES
(2, 'test', 'test', 'test', 'test', 'test', 'test', 'A', 1),
(3, 'test', 'test', 'test', 'test', 'test', 'test', 'E', 1),
(4, 'test', 'test', 'test', 'test', 'test', 'test', 'C', 1),
(5, 'test', 'test', 'test', 'test', 'test', 'test', 'B', 1),
(6, 'test', 'test', 'test', 'test', 'test', 'test', 'C', 1),
(7, 'test', 'test', 'test', 'test', 'test', 'test', 'D', 1),
(8, 'test', 'test', 'test', 'test', 'test', 'test', 'C', 1),
(9, 'test', 'test', 'test', 'test', 'test', 'test', 'A', 1),
(10, 'test', 'test', 'test', 'test', 'test', 'test', 'E', 1),
(11, 'test', 'test', 'test', 'test', 'test', 'test', 'C', 1),
(12, 'test', 'test', 'test', 'test', 'test', 'test', 'C', 1),
(13, 'test', 'test', 'test', 'test', 'test', 'test', 'D', 1),
(14, 'test', 'test', 'test', 'test', 'test', 'test', 'C', 1),
(15, 'test', 'test', 'test', 'test', 'test', 'test', 'A', 1),
(16, 'test', 'test', 'test', 'test', 'test', 'test', 'D', 1),
(17, 'test', 'test', 'test', 'test', 'test', 'test', 'B', 1),
(18, 'test', 'test', 'test', 'test', 'test', 'test', 'B', 1),
(19, 'test', 'test', 'test', 'test', 'test', 'test', 'A', 1),
(20, 'test', 'test', 'test', 'test', 'test', 'test', 'C', 1),
(21, 'test', 'test', 'test', 'test', 'test', 'test', 'A', 1),
(22, 'test', 'test', 'test', 'test', 'test', 'test', 'C', 1),
(23, 'test', 'test', 'test', 'test', 'test', 'test', 'D', 1),
(24, 'test', 'test', 'test', 'test', 'test', 'test', 'D', 1),
(25, 'test', 'test', 'test', 'test', 'test', 'test', 'A', 1),
(26, 'test', 'test', 'test', 'test', 'test', 'test', 'A', 1),
(27, 'test', 'test', 'test', 'test', 'test', 'test', 'C', 1),
(28, 'test', 'test', 'test', 'test', 'test', 'test', 'A', 1),
(29, 'test', 'test', 'test', 'test', 'test', 'test', 'C', 1),
(30, 'test', 'test', 'test', 'test', 'test', 'test', 'D', 1),
(31, '&lt;p&gt;Soal&lt;/p&gt;', '&lt;p&gt;Jawab A&lt;/p&gt;', '&lt;p&gt;Jawab B&lt;/p&gt;', '&lt;p&gt;Jawab C&lt;/p&gt;', '&lt;p&gt;Jawab D&lt;/p&gt;', '&lt;p&gt;Jawab E&lt;/p&gt;', 'E', 11),
(32, 'test', 'test', 'test', 'test', 'test', 'test', 'A', 11),
(33, 'test', 'test', 'test', 'test', 'test', 'test', 'E', 11),
(34, 'test', 'test', 'test', 'test', 'test', 'test', 'C', 11),
(35, 'test', 'test', 'test', 'test', 'test', 'test', 'B', 11),
(36, 'test', 'test', 'test', 'test', 'test', 'test', 'C', 11),
(37, 'test', 'test', 'test', 'test', 'test', 'test', 'D', 11),
(38, 'test', 'test', 'test', 'test', 'test', 'test', 'C', 11),
(39, 'test', 'test', 'test', 'test', 'test', 'test', 'A', 11),
(40, 'test', 'test', 'test', 'test', 'test', 'test', 'E', 11),
(41, 'test', 'test', 'test', 'test', 'test', 'test', 'C', 11),
(42, 'test', 'test', 'test', 'test', 'test', 'test', 'C', 11),
(43, 'test', 'test', 'test', 'test', 'test', 'test', 'D', 11),
(44, 'test', 'test', 'test', 'test', 'test', 'test', 'C', 11),
(45, 'test', 'test', 'test', 'test', 'test', 'test', 'A', 11),
(46, 'test', 'test', 'test', 'test', 'test', 'test', 'D', 11),
(47, 'test', 'test', 'test', 'test', 'test', 'test', 'B', 11),
(48, 'test', 'test', 'test', 'test', 'test', 'test', 'B', 11),
(49, 'test', 'test', 'test', 'test', 'test', 'test', 'A', 11),
(50, 'test', 'test', 'test', 'test', 'test', 'test', 'C', 11),
(51, 'test', 'test', 'test', 'test', 'test', 'test', 'A', 11),
(52, 'test', 'test', 'test', 'test', 'test', 'test', 'C', 11),
(53, 'test', 'test', 'test', 'test', 'test', 'test', 'D', 11),
(54, 'test', 'test', 'test', 'test', 'test', 'test', 'D', 11),
(55, 'test', 'test', 'test', 'test', 'test', 'test', 'A', 11),
(56, 'test', 'test', 'test', 'test', 'test', 'test', 'A', 11),
(57, 'test', 'test', 'test', 'test', 'test', 'test', 'C', 11),
(58, 'test', 'test', 'test', 'test', 'test', 'test', 'A', 11),
(59, 'test', 'test', 'test', 'test', 'test', 'test', 'C', 11),
(60, 'test', 'test', 'test', 'test', 'test', 'test', 'D', 11);

-- --------------------------------------------------------

--
-- Table structure for table `t_tingkat_kelas`
--

CREATE TABLE IF NOT EXISTS `t_tingkat_kelas` (
`id_tingkat_kelas` int(11) NOT NULL,
  `tingkat_kelas` varchar(10) NOT NULL
) ENGINE=InnoDB AUTO_INCREMENT=4 DEFAULT CHARSET=latin1;

--
-- Dumping data for table `t_tingkat_kelas`
--

INSERT INTO `t_tingkat_kelas` (`id_tingkat_kelas`, `tingkat_kelas`) VALUES
(1, 'X'),
(2, 'XI'),
(3, 'XII');

-- --------------------------------------------------------

--
-- Table structure for table `t_user`
--

CREATE TABLE IF NOT EXISTS `t_user` (
`id_user` int(11) NOT NULL,
  `username` varchar(200) NOT NULL,
  `password` varchar(200) NOT NULL,
  `id_user_group` int(11) NOT NULL
) ENGINE=InnoDB AUTO_INCREMENT=3 DEFAULT CHARSET=latin1;

--
-- Dumping data for table `t_user`
--

INSERT INTO `t_user` (`id_user`, `username`, `password`, `id_user_group`) VALUES
(1, 'user1', 'pass4user1', 1),
(2, 'user2', 'pass4user2', 2);

-- --------------------------------------------------------

--
-- Table structure for table `t_user_group`
--

CREATE TABLE IF NOT EXISTS `t_user_group` (
`id_user_group` int(11) NOT NULL,
  `user_group` varchar(100) NOT NULL
) ENGINE=InnoDB AUTO_INCREMENT=3 DEFAULT CHARSET=latin1;

--
-- Dumping data for table `t_user_group`
--

INSERT INTO `t_user_group` (`id_user_group`, `user_group`) VALUES
(1, 'guru'),
(2, 'siswa');

--
-- Indexes for dumped tables
--

--
-- Indexes for table `r_matpel_tingkat_kelas`
--
ALTER TABLE `r_matpel_tingkat_kelas`
 ADD PRIMARY KEY (`id_matpel_tingkat_kelas`);

--
-- Indexes for table `r_pb_indikator`
--
ALTER TABLE `r_pb_indikator`
 ADD PRIMARY KEY (`id_pb_indikator`);

--
-- Indexes for table `r_rule_aktif`
--
ALTER TABLE `r_rule_aktif`
 ADD PRIMARY KEY (`id_rule_aktif`);

--
-- Indexes for table `r_siswa_matpel`
--
ALTER TABLE `r_siswa_matpel`
 ADD PRIMARY KEY (`id_siswa_matpel`);

--
-- Indexes for table `r_soal_indikator`
--
ALTER TABLE `r_soal_indikator`
 ADD PRIMARY KEY (`id_soal_indikator`);

--
-- Indexes for table `r_tk_jurusan`
--
ALTER TABLE `r_tk_jurusan`
 ADD PRIMARY KEY (`id_tk_jurusan`);

--
-- Indexes for table `t_detail_rules`
--
ALTER TABLE `t_detail_rules`
 ADD PRIMARY KEY (`id_detail_rules`);

--
-- Indexes for table `t_indikator`
--
ALTER TABLE `t_indikator`
 ADD PRIMARY KEY (`id_indikator`);

--
-- Indexes for table `t_jawaban`
--
ALTER TABLE `t_jawaban`
 ADD PRIMARY KEY (`id_jawaban`);

--
-- Indexes for table `t_jurusan`
--
ALTER TABLE `t_jurusan`
 ADD PRIMARY KEY (`id_jurusan`);

--
-- Indexes for table `t_kelas`
--
ALTER TABLE `t_kelas`
 ADD PRIMARY KEY (`id_kelas`);

--
-- Indexes for table `t_mata_pelajaran`
--
ALTER TABLE `t_mata_pelajaran`
 ADD PRIMARY KEY (`id_mata_pelajaran`);

--
-- Indexes for table `t_pokok_bahasan`
--
ALTER TABLE `t_pokok_bahasan`
 ADD PRIMARY KEY (`id_pokok_bahasan`);

--
-- Indexes for table `t_rules`
--
ALTER TABLE `t_rules`
 ADD PRIMARY KEY (`id_rules`);

--
-- Indexes for table `t_siswa`
--
ALTER TABLE `t_siswa`
 ADD PRIMARY KEY (`id_siswa`);

--
-- Indexes for table `t_soal`
--
ALTER TABLE `t_soal`
 ADD PRIMARY KEY (`id_soal`);

--
-- Indexes for table `t_tingkat_kelas`
--
ALTER TABLE `t_tingkat_kelas`
 ADD PRIMARY KEY (`id_tingkat_kelas`);

--
-- Indexes for table `t_user`
--
ALTER TABLE `t_user`
 ADD PRIMARY KEY (`id_user`);

--
-- Indexes for table `t_user_group`
--
ALTER TABLE `t_user_group`
 ADD PRIMARY KEY (`id_user_group`);

--
-- AUTO_INCREMENT for dumped tables
--

--
-- AUTO_INCREMENT for table `r_matpel_tingkat_kelas`
--
ALTER TABLE `r_matpel_tingkat_kelas`
MODIFY `id_matpel_tingkat_kelas` int(11) NOT NULL AUTO_INCREMENT,AUTO_INCREMENT=2;
--
-- AUTO_INCREMENT for table `r_pb_indikator`
--
ALTER TABLE `r_pb_indikator`
MODIFY `id_pb_indikator` int(11) NOT NULL AUTO_INCREMENT,AUTO_INCREMENT=17;
--
-- AUTO_INCREMENT for table `r_rule_aktif`
--
ALTER TABLE `r_rule_aktif`
MODIFY `id_rule_aktif` int(11) NOT NULL AUTO_INCREMENT;
--
-- AUTO_INCREMENT for table `r_siswa_matpel`
--
ALTER TABLE `r_siswa_matpel`
MODIFY `id_siswa_matpel` int(11) NOT NULL AUTO_INCREMENT,AUTO_INCREMENT=38;
--
-- AUTO_INCREMENT for table `r_soal_indikator`
--
ALTER TABLE `r_soal_indikator`
MODIFY `id_soal_indikator` int(11) NOT NULL AUTO_INCREMENT,AUTO_INCREMENT=324;
--
-- AUTO_INCREMENT for table `r_tk_jurusan`
--
ALTER TABLE `r_tk_jurusan`
MODIFY `id_tk_jurusan` int(11) NOT NULL AUTO_INCREMENT,AUTO_INCREMENT=10;
--
-- AUTO_INCREMENT for table `t_detail_rules`
--
ALTER TABLE `t_detail_rules`
MODIFY `id_detail_rules` int(11) NOT NULL AUTO_INCREMENT;
--
-- AUTO_INCREMENT for table `t_indikator`
--
ALTER TABLE `t_indikator`
MODIFY `id_indikator` int(11) NOT NULL AUTO_INCREMENT,AUTO_INCREMENT=11;
--
-- AUTO_INCREMENT for table `t_jawaban`
--
ALTER TABLE `t_jawaban`
MODIFY `id_jawaban` int(11) NOT NULL AUTO_INCREMENT,AUTO_INCREMENT=1051;
--
-- AUTO_INCREMENT for table `t_jurusan`
--
ALTER TABLE `t_jurusan`
MODIFY `id_jurusan` int(11) NOT NULL AUTO_INCREMENT,AUTO_INCREMENT=8;
--
-- AUTO_INCREMENT for table `t_kelas`
--
ALTER TABLE `t_kelas`
MODIFY `id_kelas` int(11) NOT NULL AUTO_INCREMENT,AUTO_INCREMENT=10;
--
-- AUTO_INCREMENT for table `t_mata_pelajaran`
--
ALTER TABLE `t_mata_pelajaran`
MODIFY `id_mata_pelajaran` int(11) NOT NULL AUTO_INCREMENT,AUTO_INCREMENT=8;
--
-- AUTO_INCREMENT for table `t_pokok_bahasan`
--
ALTER TABLE `t_pokok_bahasan`
MODIFY `id_pokok_bahasan` int(11) NOT NULL AUTO_INCREMENT,AUTO_INCREMENT=4;
--
-- AUTO_INCREMENT for table `t_rules`
--
ALTER TABLE `t_rules`
MODIFY `id_rules` int(11) NOT NULL AUTO_INCREMENT,AUTO_INCREMENT=25;
--
-- AUTO_INCREMENT for table `t_siswa`
--
ALTER TABLE `t_siswa`
MODIFY `id_siswa` int(11) NOT NULL AUTO_INCREMENT,AUTO_INCREMENT=41;
--
-- AUTO_INCREMENT for table `t_soal`
--
ALTER TABLE `t_soal`
MODIFY `id_soal` int(11) NOT NULL AUTO_INCREMENT,AUTO_INCREMENT=61;
--
-- AUTO_INCREMENT for table `t_tingkat_kelas`
--
ALTER TABLE `t_tingkat_kelas`
MODIFY `id_tingkat_kelas` int(11) NOT NULL AUTO_INCREMENT,AUTO_INCREMENT=4;
--
-- AUTO_INCREMENT for table `t_user`
--
ALTER TABLE `t_user`
MODIFY `id_user` int(11) NOT NULL AUTO_INCREMENT,AUTO_INCREMENT=3;
--
-- AUTO_INCREMENT for table `t_user_group`
--
ALTER TABLE `t_user_group`
MODIFY `id_user_group` int(11) NOT NULL AUTO_INCREMENT,AUTO_INCREMENT=3;
/*!40101 SET CHARACTER_SET_CLIENT=@OLD_CHARACTER_SET_CLIENT */;
/*!40101 SET CHARACTER_SET_RESULTS=@OLD_CHARACTER_SET_RESULTS */;
/*!40101 SET COLLATION_CONNECTION=@OLD_COLLATION_CONNECTION */;
